--------------------------------------------------------
--  DDL for Sequence SQ_OP_CLIENTE
--------------------------------------------------------

   CREATE SEQUENCE  "CRM_EC"."SQ_OP_CLIENTE"  MINVALUE 900000000000000001 MAXVALUE 999999999999999999 INCREMENT BY 1 START WITH 900000000000000141 CACHE 20 NOORDER  NOCYCLE ;
--------------------------------------------------------
--  DDL for Table MN_DATACRM
--------------------------------------------------------

  CREATE TABLE "CRM_EC"."MN_DATACRM" 
   (	"COD_DATACRM" NUMBER, 
	"DES_DATACRM" VARCHAR2(200 BYTE), 
	"TIPO_DATACRM" NUMBER, 
	"IND_ACTIVO" NUMBER, 
	"IDREG" NUMBER, 
	"FECHA" DATE DEFAULT SYSDATE, 
	"AMBITO" NUMBER
   ) SEGMENT CREATION IMMEDIATE 
  PCTFREE 10 PCTUSED 40 INITRANS 1 MAXTRANS 255 NOCOMPRESS LOGGING
  STORAGE(INITIAL 65536 NEXT 1048576 MINEXTENTS 1 MAXEXTENTS 2147483645
  PCTINCREASE 0 FREELISTS 1 FREELIST GROUPS 1 BUFFER_POOL DEFAULT FLASH_CACHE DEFAULT CELL_FLASH_CACHE DEFAULT)
  TABLESPACE "USERS" ;

   COMMENT ON COLUMN "CRM_EC"."MN_DATACRM"."TIPO_DATACRM" IS '1:TEXTO, 2:NUMERICO; 3:OPCION';
   COMMENT ON COLUMN "CRM_EC"."MN_DATACRM"."IND_ACTIVO" IS '0:BLOQUEADO; 1:ACTIVO';
--------------------------------------------------------
--  DDL for Table MN_DATACRMOPC
--------------------------------------------------------

  CREATE TABLE "CRM_EC"."MN_DATACRMOPC" 
   (	"COD_DATACRMOPC" NUMBER, 
	"COD_DATACRM" NUMBER, 
	"DES_DATACRMOPC" VARCHAR2(200 BYTE), 
	"IDREG" NUMBER, 
	"FECHA" DATE DEFAULT SYSDATE
   ) SEGMENT CREATION IMMEDIATE 
  PCTFREE 10 PCTUSED 40 INITRANS 1 MAXTRANS 255 NOCOMPRESS LOGGING
  STORAGE(INITIAL 65536 NEXT 1048576 MINEXTENTS 1 MAXEXTENTS 2147483645
  PCTINCREASE 0 FREELISTS 1 FREELIST GROUPS 1 BUFFER_POOL DEFAULT FLASH_CACHE DEFAULT CELL_FLASH_CACHE DEFAULT)
  TABLESPACE "USERS" ;

   COMMENT ON COLUMN "CRM_EC"."MN_DATACRMOPC"."COD_DATACRM" IS 'MN_DATACRM';
--------------------------------------------------------
--  DDL for Table MN_DEMOGRAF
--------------------------------------------------------

  CREATE TABLE "CRM_EC"."MN_DEMOGRAF" 
   (	"COD_DEMOGRAF" NUMBER, 
	"DES_DEMOGRAF" VARCHAR2(200 BYTE), 
	"IDREG" NUMBER DEFAULT NULL, 
	"FECHA" DATE DEFAULT SYSDATE
   ) SEGMENT CREATION IMMEDIATE 
  PCTFREE 10 PCTUSED 40 INITRANS 1 MAXTRANS 255 NOCOMPRESS LOGGING
  STORAGE(INITIAL 65536 NEXT 1048576 MINEXTENTS 1 MAXEXTENTS 2147483645
  PCTINCREASE 0 FREELISTS 1 FREELIST GROUPS 1 BUFFER_POOL DEFAULT FLASH_CACHE DEFAULT CELL_FLASH_CACHE DEFAULT)
  TABLESPACE "USERS" ;
--------------------------------------------------------
--  DDL for Table MN_ESTADO
--------------------------------------------------------

  CREATE TABLE "CRM_EC"."MN_ESTADO" 
   (	"COD_ESTADO" NUMBER, 
	"DES_ESTADO" VARCHAR2(50 BYTE), 
	"COL_ESTADO" CHAR(6 BYTE), 
	"IDREG" NUMBER, 
	"FECHA" DATE DEFAULT SYSDATE, 
	"ABR_ESTADO" VARCHAR2(18 BYTE), 
	"CSF_ESTADO" VARCHAR2(200 BYTE), 
	"VAL_ESTADO" NUMBER
   ) SEGMENT CREATION IMMEDIATE 
  PCTFREE 10 PCTUSED 40 INITRANS 1 MAXTRANS 255 NOCOMPRESS LOGGING
  STORAGE(INITIAL 65536 NEXT 1048576 MINEXTENTS 1 MAXEXTENTS 2147483645
  PCTINCREASE 0 FREELISTS 1 FREELIST GROUPS 1 BUFFER_POOL DEFAULT FLASH_CACHE DEFAULT CELL_FLASH_CACHE DEFAULT)
  TABLESPACE "USERS" ;

   COMMENT ON COLUMN "CRM_EC"."MN_ESTADO"."DES_ESTADO" IS 'DESCRIP. ESTADO';
   COMMENT ON COLUMN "CRM_EC"."MN_ESTADO"."ABR_ESTADO" IS 'ABREV. ESTADO';
   COMMENT ON COLUMN "CRM_EC"."MN_ESTADO"."CSF_ESTADO" IS 'Codigo CSS Fuente Estado';
--------------------------------------------------------
--  DDL for Table MN_EST_TARJETA
--------------------------------------------------------

  CREATE TABLE "CRM_EC"."MN_EST_TARJETA" 
   (	"COD_EST_TARJETA" NUMBER, 
	"DES_EST_TARJETA" VARCHAR2(200 BYTE), 
	"IDREG" NUMBER, 
	"FECHA" DATE DEFAULT SYSDATE, 
	"COL_ESTADO" VARCHAR2(6 BYTE), 
	"CSF_ESTADO" VARCHAR2(200 BYTE)
   ) SEGMENT CREATION IMMEDIATE 
  PCTFREE 10 PCTUSED 40 INITRANS 1 MAXTRANS 255 NOCOMPRESS LOGGING
  STORAGE(INITIAL 65536 NEXT 1048576 MINEXTENTS 1 MAXEXTENTS 2147483645
  PCTINCREASE 0 FREELISTS 1 FREELIST GROUPS 1 BUFFER_POOL DEFAULT FLASH_CACHE DEFAULT CELL_FLASH_CACHE DEFAULT)
  TABLESPACE "USERS" ;
--------------------------------------------------------
--  DDL for Table MN_INGRESO
--------------------------------------------------------

  CREATE TABLE "CRM_EC"."MN_INGRESO" 
   (	"COD_INGRESO" NUMBER, 
	"MIN_INGRESO" NUMBER, 
	"MAX_INGRESO" NUMBER, 
	"IDREG" NUMBER, 
	"FECHA" DATE DEFAULT SYSDATE
   ) SEGMENT CREATION IMMEDIATE 
  PCTFREE 10 PCTUSED 40 INITRANS 1 MAXTRANS 255 NOCOMPRESS LOGGING
  STORAGE(INITIAL 65536 NEXT 1048576 MINEXTENTS 1 MAXEXTENTS 2147483645
  PCTINCREASE 0 FREELISTS 1 FREELIST GROUPS 1 BUFFER_POOL DEFAULT FLASH_CACHE DEFAULT CELL_FLASH_CACHE DEFAULT)
  TABLESPACE "USERS" ;
--------------------------------------------------------
--  DDL for Table MN_TIPO_TARJETA
--------------------------------------------------------

  CREATE TABLE "CRM_EC"."MN_TIPO_TARJETA" 
   (	"COD_TIPO_TARJETA" NUMBER, 
	"DES_TIPO_TARJETA" VARCHAR2(200 BYTE), 
	"IDREG" NUMBER, 
	"FECHA" DATE DEFAULT SYSDATE
   ) SEGMENT CREATION IMMEDIATE 
  PCTFREE 10 PCTUSED 40 INITRANS 1 MAXTRANS 255 NOCOMPRESS LOGGING
  STORAGE(INITIAL 65536 NEXT 1048576 MINEXTENTS 1 MAXEXTENTS 2147483645
  PCTINCREASE 0 FREELISTS 1 FREELIST GROUPS 1 BUFFER_POOL DEFAULT FLASH_CACHE DEFAULT CELL_FLASH_CACHE DEFAULT)
  TABLESPACE "USERS" ;
--------------------------------------------------------
--  DDL for Table OP_ACTIVIDAD
--------------------------------------------------------

  CREATE TABLE "CRM_EC"."OP_ACTIVIDAD" 
   (	"COD_CLIENTE" NUMBER, 
	"TOT_PUNTOS" NUMBER DEFAULT 0, 
	"TOT_TRANS" NUMBER DEFAULT 0, 
	"PTOS_REEMBOLSO" NUMBER DEFAULT 0, 
	"AUTO_MONTO_TIENDA" NUMBER DEFAULT 0, 
	"ULT_FECHA_COMPRA" DATE, 
	"ULT_ASIGNA_PUNTO" NUMBER, 
	"NIVEL_CLIENTE" NUMBER, 
	"NUM_MENSAJE" NUMBER, 
	"TAR_COUPONID" NUMBER, 
	"COD_GRPDSCTO" NUMBER, 
	"MULTIPLICADOR" NUMBER, 
	"ALT_NUM_CLIENTE" NUMBER, 
	"ULT_FEC_REEMBOLSO" DATE, 
	"COD_CAMPANIA" NUMBER, 
	"FEC_INI_CAMPANIA" DATE, 
	"TOT_PTOS_CAMPANIA" NUMBER, 
	"NUM_TRAN_CAMPANIA" NUMBER, 
	"TOT_REEMB_CAMPANIA" NUMBER, 
	"SALDO_VTAS_CAMPANIA" NUMBER, 
	"IDREG" NUMBER DEFAULT 0, 
	"FECHA" DATE DEFAULT SYSDATE
   ) SEGMENT CREATION IMMEDIATE 
  PCTFREE 10 PCTUSED 40 INITRANS 1 MAXTRANS 255 NOCOMPRESS LOGGING
  STORAGE(INITIAL 65536 NEXT 1048576 MINEXTENTS 1 MAXEXTENTS 2147483645
  PCTINCREASE 0 FREELISTS 1 FREELIST GROUPS 1 BUFFER_POOL DEFAULT FLASH_CACHE DEFAULT CELL_FLASH_CACHE DEFAULT)
  TABLESPACE "USERS" ;

   COMMENT ON COLUMN "CRM_EC"."OP_ACTIVIDAD"."COD_CLIENTE" IS 'OP_CLIENTE, EAMFBACT:CustomerId';
   COMMENT ON COLUMN "CRM_EC"."OP_ACTIVIDAD"."TOT_PUNTOS" IS 'EAMFBACT:TotalPoints';
   COMMENT ON COLUMN "CRM_EC"."OP_ACTIVIDAD"."TOT_TRANS" IS 'EAMFBACT:TotalTrans';
   COMMENT ON COLUMN "CRM_EC"."OP_ACTIVIDAD"."PTOS_REEMBOLSO" IS 'EAMFBACT:RedeemedPoints';
   COMMENT ON COLUMN "CRM_EC"."OP_ACTIVIDAD"."AUTO_MONTO_TIENDA" IS 'EAMFBACT:AutoCouponAmount';
   COMMENT ON COLUMN "CRM_EC"."OP_ACTIVIDAD"."ULT_FECHA_COMPRA" IS 'EAMFBACT:LastDate';
   COMMENT ON COLUMN "CRM_EC"."OP_ACTIVIDAD"."ULT_ASIGNA_PUNTO" IS 'EAMFBACT:LastPoints';
   COMMENT ON COLUMN "CRM_EC"."OP_ACTIVIDAD"."NIVEL_CLIENTE" IS 'EAMFBACT:StatusLevel';
   COMMENT ON COLUMN "CRM_EC"."OP_ACTIVIDAD"."NUM_MENSAJE" IS 'EAMFBACT:MessageNum';
   COMMENT ON COLUMN "CRM_EC"."OP_ACTIVIDAD"."TAR_COUPONID" IS 'EAMFBACT:TargetedCouponID';
   COMMENT ON COLUMN "CRM_EC"."OP_ACTIVIDAD"."COD_GRPDSCTO" IS 'OP_GRPDSCTO, EAMFBACT:DiscountGroupId';
   COMMENT ON COLUMN "CRM_EC"."OP_ACTIVIDAD"."MULTIPLICADOR" IS 'EAMFBACT:Multiplier';
   COMMENT ON COLUMN "CRM_EC"."OP_ACTIVIDAD"."ALT_NUM_CLIENTE" IS 'EAMFBACT:AlteCustomerNum';
   COMMENT ON COLUMN "CRM_EC"."OP_ACTIVIDAD"."ULT_FEC_REEMBOLSO" IS 'EAMFBACT:LastRedeemDate';
   COMMENT ON COLUMN "CRM_EC"."OP_ACTIVIDAD"."COD_CAMPANIA" IS 'OP_CAMPANIA';
   COMMENT ON COLUMN "CRM_EC"."OP_ACTIVIDAD"."FEC_INI_CAMPANIA" IS 'EAMFBACT:PeriodStartDate';
   COMMENT ON COLUMN "CRM_EC"."OP_ACTIVIDAD"."TOT_PTOS_CAMPANIA" IS 'EAMFBACT:PeriodPoints';
   COMMENT ON COLUMN "CRM_EC"."OP_ACTIVIDAD"."NUM_TRAN_CAMPANIA" IS 'EAMFBACT:PeriodTransCount';
   COMMENT ON COLUMN "CRM_EC"."OP_ACTIVIDAD"."TOT_REEMB_CAMPANIA" IS 'EAMFBACT:PeriodRedeemPoints';
   COMMENT ON COLUMN "CRM_EC"."OP_ACTIVIDAD"."SALDO_VTAS_CAMPANIA" IS 'EAMFBACT:CumSalesTotal';
--------------------------------------------------------
--  DDL for Table OP_CAMPANIA
--------------------------------------------------------

  CREATE TABLE "CRM_EC"."OP_CAMPANIA" 
   (	"COD_CAMPANIA" NUMBER, 
	"DES_CAMPANIA" VARCHAR2(200 BYTE), 
	"FECHA_INI" DATE, 
	"FECHA_TER" DATE, 
	"IND_ACTIVO" NUMBER, 
	"IDREG" NUMBER, 
	"FECHA" DATE DEFAULT SYSDATE
   ) SEGMENT CREATION IMMEDIATE 
  PCTFREE 10 PCTUSED 40 INITRANS 1 MAXTRANS 255 NOCOMPRESS LOGGING
  STORAGE(INITIAL 65536 NEXT 1048576 MINEXTENTS 1 MAXEXTENTS 2147483645
  PCTINCREASE 0 FREELISTS 1 FREELIST GROUPS 1 BUFFER_POOL DEFAULT FLASH_CACHE DEFAULT CELL_FLASH_CACHE DEFAULT)
  TABLESPACE "USERS" ;

   COMMENT ON COLUMN "CRM_EC"."OP_CAMPANIA"."IND_ACTIVO" IS '0:DETENIDA, 1:ACTIVA';
--------------------------------------------------------
--  DDL for Table OP_CAMPANIA_MOV
--------------------------------------------------------

  CREATE TABLE "CRM_EC"."OP_CAMPANIA_MOV" 
   (	"MOV_CAMPANIA" NUMBER, 
	"COD_CAMPANIA" NUMBER, 
	"FECHA_INI" DATE, 
	"FECHA_TER" DATE, 
	"IND_ACTIVO" NUMBER, 
	"IDREG" NUMBER, 
	"FECHA" DATE DEFAULT SYSDATE
   ) SEGMENT CREATION IMMEDIATE 
  PCTFREE 10 PCTUSED 40 INITRANS 1 MAXTRANS 255 NOCOMPRESS LOGGING
  STORAGE(INITIAL 65536 NEXT 1048576 MINEXTENTS 1 MAXEXTENTS 2147483645
  PCTINCREASE 0 FREELISTS 1 FREELIST GROUPS 1 BUFFER_POOL DEFAULT FLASH_CACHE DEFAULT CELL_FLASH_CACHE DEFAULT)
  TABLESPACE "USERS" ;
--------------------------------------------------------
--  DDL for Table OP_CLIENTE
--------------------------------------------------------

  CREATE TABLE "CRM_EC"."OP_CLIENTE" 
   (	"COD_CLIENTE" NUMBER(18,0), 
	"COD_TIPOCLIENTE" NUMBER, 
	"IDENTIFICACION" VARCHAR2(18 BYTE), 
	"COD_TIPOID" NUMBER, 
	"NOMBRE" VARCHAR2(75 BYTE), 
	"APELLIDO_P" VARCHAR2(50 BYTE), 
	"APELLIDO_M" VARCHAR2(50 BYTE), 
	"GENERO" CHAR(1 BYTE), 
	"FEC_NACIMIENTO" DATE, 
	"DIRECCION" VARCHAR2(200 BYTE), 
	"COD_REGION" NUMBER DEFAULT 0, 
	"COD_CIUDAD" NUMBER DEFAULT 0, 
	"COD_POSTAL" NUMBER(10,0), 
	"TEL_PARTICULAR" VARCHAR2(50 BYTE), 
	"TEL_OFICINA" VARCHAR2(50 BYTE), 
	"TEL_CELULAR" VARCHAR2(50 BYTE), 
	"EMAIL" VARCHAR2(200 BYTE), 
	"DIRECC_LINE2" VARCHAR2(100 BYTE), 
	"COD_AREA_TEL_PART" VARCHAR2(4 BYTE), 
	"COD_AREA_TEL_OFIC" VARCHAR2(4 BYTE), 
	"NUM_LIC_COND" VARCHAR2(20 BYTE), 
	"EXT_LIC_COND" VARCHAR2(5 BYTE), 
	"NUM_SEGURO_SOC" VARCHAR2(10 BYTE), 
	"EXT_SEGURO_SOC" VARCHAR2(4 BYTE), 
	"IDREG" NUMBER, 
	"FECHA" DATE DEFAULT SYSDATE, 
	"COD_POSTAL_ALFA" VARCHAR2(9 BYTE)
   ) SEGMENT CREATION IMMEDIATE 
  PCTFREE 10 PCTUSED 40 INITRANS 1 MAXTRANS 255 NOCOMPRESS LOGGING
  STORAGE(INITIAL 65536 NEXT 1048576 MINEXTENTS 1 MAXEXTENTS 2147483645
  PCTINCREASE 0 FREELISTS 1 FREELIST GROUPS 1 BUFFER_POOL DEFAULT FLASH_CACHE DEFAULT CELL_FLASH_CACHE DEFAULT)
  TABLESPACE "USERS" ;

   COMMENT ON COLUMN "CRM_EC"."OP_CLIENTE"."COD_CLIENTE" IS 'EAMFBCUS.CustomerID';
   COMMENT ON COLUMN "CRM_EC"."OP_CLIENTE"."COD_TIPOCLIENTE" IS 'PM_TIPOCLIENTE: AFILIADO, BENEFICIARIO, NO AFILIADO';
   COMMENT ON COLUMN "CRM_EC"."OP_CLIENTE"."IDENTIFICACION" IS 'CEDULA, NIT';
   COMMENT ON COLUMN "CRM_EC"."OP_CLIENTE"."COD_TIPOID" IS 'PM_TIPOID:TIPO DE IDENTIFICACION (CEDULA, NIT)';
   COMMENT ON COLUMN "CRM_EC"."OP_CLIENTE"."NOMBRE" IS 'EAMFBCUS:FirstName';
   COMMENT ON COLUMN "CRM_EC"."OP_CLIENTE"."APELLIDO_P" IS 'EAMFBCUS:LastName (SPN)';
   COMMENT ON COLUMN "CRM_EC"."OP_CLIENTE"."APELLIDO_M" IS 'EAMFBCUS:LastName (SPN)';
   COMMENT ON COLUMN "CRM_EC"."OP_CLIENTE"."GENERO" IS 'M: MASCULINO; F:FENENINO; E: EMPRESA - EAMFBCUS:Gender  (SPN)';
   COMMENT ON COLUMN "CRM_EC"."OP_CLIENTE"."FEC_NACIMIENTO" IS 'EAMFBCUS:BirthDate  (SPN)';
   COMMENT ON COLUMN "CRM_EC"."OP_CLIENTE"."DIRECCION" IS 'EAMFBCUS:AddressLine1';
   COMMENT ON COLUMN "CRM_EC"."OP_CLIENTE"."COD_REGION" IS 'PM_DEPARTAMENTO - EAMFBCUS:State';
   COMMENT ON COLUMN "CRM_EC"."OP_CLIENTE"."COD_CIUDAD" IS 'PM_CIUDAD - EAMFBCUS:City';
   COMMENT ON COLUMN "CRM_EC"."OP_CLIENTE"."COD_POSTAL" IS 'EAMFBCUS:Zip';
   COMMENT ON COLUMN "CRM_EC"."OP_CLIENTE"."TEL_PARTICULAR" IS 'EAMFBCUS:HomePhone  (SPN)';
   COMMENT ON COLUMN "CRM_EC"."OP_CLIENTE"."TEL_OFICINA" IS 'EAMFBCUS:BusPhone';
   COMMENT ON COLUMN "CRM_EC"."OP_CLIENTE"."TEL_CELULAR" IS '(SPN)';
   COMMENT ON COLUMN "CRM_EC"."OP_CLIENTE"."DIRECC_LINE2" IS 'NO USADO - EAMFBCUS:AddressLine2';
   COMMENT ON COLUMN "CRM_EC"."OP_CLIENTE"."COD_AREA_TEL_PART" IS 'NO USADO - EAMFBCUS:HomePhoneAreaCode';
   COMMENT ON COLUMN "CRM_EC"."OP_CLIENTE"."COD_AREA_TEL_OFIC" IS 'NO USADO - EAMFBCUS:BusPhoneAreaCode';
   COMMENT ON COLUMN "CRM_EC"."OP_CLIENTE"."NUM_LIC_COND" IS 'NO USADO - EAMFBCUS:DriverLicenseNum';
   COMMENT ON COLUMN "CRM_EC"."OP_CLIENTE"."EXT_LIC_COND" IS 'NO USUADO - EAMFBCUS:DriverLicenseNumExt';
   COMMENT ON COLUMN "CRM_EC"."OP_CLIENTE"."NUM_SEGURO_SOC" IS 'NO USUADO - EAMFBCUS:SSNumber';
   COMMENT ON COLUMN "CRM_EC"."OP_CLIENTE"."EXT_SEGURO_SOC" IS 'NO USADO - EAMFBCUS:SSNumberExt';
   COMMENT ON COLUMN "CRM_EC"."OP_CLIENTE"."IDREG" IS 'QUIEN REGISTRA/ACTUALIZA';
   COMMENT ON COLUMN "CRM_EC"."OP_CLIENTE"."FECHA" IS 'FECHA DE REGISTRO/ACTUALIZACION';
   COMMENT ON COLUMN "CRM_EC"."OP_CLIENTE"."COD_POSTAL_ALFA" IS 'EAMFBCUS:ZipAlphanumeric';
--------------------------------------------------------
--  DDL for Table OP_CLIENTEANT
--------------------------------------------------------

  CREATE TABLE "CRM_EC"."OP_CLIENTEANT" 
   (	"COD_CLIENTE" NUMBER, 
	"COD_DATACRM" NUMBER, 
	"DATA_CLIENTE" VARCHAR2(500 BYTE), 
	"IDREG" NUMBER, 
	"FECHA" DATE DEFAULT SYSDATE
   ) SEGMENT CREATION IMMEDIATE 
  PCTFREE 10 PCTUSED 40 INITRANS 1 MAXTRANS 255 NOCOMPRESS LOGGING
  STORAGE(INITIAL 65536 NEXT 1048576 MINEXTENTS 1 MAXEXTENTS 2147483645
  PCTINCREASE 0 FREELISTS 1 FREELIST GROUPS 1 BUFFER_POOL DEFAULT FLASH_CACHE DEFAULT CELL_FLASH_CACHE DEFAULT)
  TABLESPACE "USERS" ;
--------------------------------------------------------
--  DDL for Table OP_CLIENTEMPRC
--------------------------------------------------------

  CREATE TABLE "CRM_EC"."OP_CLIENTEMPRC" 
   (	"COD_CLIENTE" NUMBER, 
	"COD_MARCAPRC" NUMBER DEFAULT NULL, 
	"IND_ACTIVO" NUMBER DEFAULT 0
   ) SEGMENT CREATION IMMEDIATE 
  PCTFREE 10 PCTUSED 40 INITRANS 1 MAXTRANS 255 NOCOMPRESS LOGGING
  STORAGE(INITIAL 65536 NEXT 1048576 MINEXTENTS 1 MAXEXTENTS 2147483645
  PCTINCREASE 0 FREELISTS 1 FREELIST GROUPS 1 BUFFER_POOL DEFAULT FLASH_CACHE DEFAULT CELL_FLASH_CACHE DEFAULT)
  TABLESPACE "USERS" ;
--------------------------------------------------------
--  DDL for Table OP_DATACRM
--------------------------------------------------------

  CREATE TABLE "CRM_EC"."OP_DATACRM" 
   (	"COD_CLIENTE" NUMBER, 
	"COD_ESTADO" NUMBER DEFAULT 1, 
	"COD_NEGOCIO" NUMBER, 
	"COD_TIENDA" NUMBER, 
	"COD_INGRESO" NUMBER DEFAULT 0, 
	"COD_DEMOGRAF" NUMBER DEFAULT 0, 
	"FEC_REGISTRO" DATE DEFAULT SYSDATE, 
	"TAM_FAMILIA" NUMBER DEFAULT 1, 
	"EDAD_HIJO1" NUMBER, 
	"EDAD_HIJO2" NUMBER, 
	"EDAD_HIJO3" NUMBER, 
	"EDAD_HIJO4" NUMBER, 
	"EDAD_HIJO5" NUMBER, 
	"EDAD_HIJO6" NUMBER, 
	"EDAD_HIJO7" NUMBER, 
	"TOT_AJUSTES" NUMBER, 
	"TOT_REEMBOLSOS" NUMBER, 
	"TOT_AJUSTE_PTOS_SUM" NUMBER, 
	"TOT_AJUSTE_PTOS_RES" NUMBER, 
	"ULTM_NUM_AJUSTE" NUMBER, 
	"ULTM_NUM_REEMBOLSO" NUMBER, 
	"ULTM_FEC_AJUSTE" DATE, 
	"ULTM_FEC_REEMBOLSO" DATE, 
	"FEC_ACTUALIZA" DATE, 
	"FEC_RESERVA" DATE, 
	"AUTORIZA_REF_CLIENTE" CHAR(1 BYTE), 
	"ALIAS_REF_CLIENTE" CHAR(1 BYTE), 
	"CUENTA_REFER" NUMBER, 
	"NUM_MONTO_RESERVA" NUMBER, 
	"IDREG" NUMBER, 
	"FECHA" DATE DEFAULT SYSDATE
   ) SEGMENT CREATION IMMEDIATE 
  PCTFREE 10 PCTUSED 40 INITRANS 1 MAXTRANS 255 NOCOMPRESS LOGGING
  STORAGE(INITIAL 65536 NEXT 1048576 MINEXTENTS 1 MAXEXTENTS 2147483645
  PCTINCREASE 0 FREELISTS 1 FREELIST GROUPS 1 BUFFER_POOL DEFAULT FLASH_CACHE DEFAULT CELL_FLASH_CACHE DEFAULT)
  TABLESPACE "USERS" ;

   COMMENT ON COLUMN "CRM_EC"."OP_DATACRM"."COD_CLIENTE" IS 'OP_CLIENTE';
   COMMENT ON COLUMN "CRM_EC"."OP_DATACRM"."COD_ESTADO" IS 'MN_ESTADO - EAMFBCUS:RecordStatus ( 1-7 )';
   COMMENT ON COLUMN "CRM_EC"."OP_DATACRM"."COD_TIENDA" IS 'MN_TIENDA- EAMFBCUS:HomeStoreNumber';
   COMMENT ON COLUMN "CRM_EC"."OP_DATACRM"."COD_INGRESO" IS 'MN_INGRESO - EAMFBCUS:Income';
   COMMENT ON COLUMN "CRM_EC"."OP_DATACRM"."COD_DEMOGRAF" IS 'MN_DEMOGRAF - EAMFBCUS:CustomerDemo';
   COMMENT ON COLUMN "CRM_EC"."OP_DATACRM"."FEC_REGISTRO" IS 'EAMFBCUS:EnrollDate';
   COMMENT ON COLUMN "CRM_EC"."OP_DATACRM"."TAM_FAMILIA" IS 'EAMFBCUS:FamilySize';
   COMMENT ON COLUMN "CRM_EC"."OP_DATACRM"."EDAD_HIJO1" IS 'EAMFBCUS:ChildAge1';
   COMMENT ON COLUMN "CRM_EC"."OP_DATACRM"."EDAD_HIJO2" IS 'EAMFBCUS:ChildAge2';
   COMMENT ON COLUMN "CRM_EC"."OP_DATACRM"."EDAD_HIJO3" IS 'EAMFBCUS:ChildAge3';
   COMMENT ON COLUMN "CRM_EC"."OP_DATACRM"."EDAD_HIJO4" IS 'EAMFBCUS:ChildAge4';
   COMMENT ON COLUMN "CRM_EC"."OP_DATACRM"."EDAD_HIJO5" IS 'EAMFBCUS:ChildAge5';
   COMMENT ON COLUMN "CRM_EC"."OP_DATACRM"."EDAD_HIJO6" IS 'EAMFBCUS:ChildAge6';
   COMMENT ON COLUMN "CRM_EC"."OP_DATACRM"."EDAD_HIJO7" IS 'EAMFBCUS:ChildAge7';
   COMMENT ON COLUMN "CRM_EC"."OP_DATACRM"."TOT_AJUSTES" IS 'EAMFBCUS:TotalAdjustCount';
   COMMENT ON COLUMN "CRM_EC"."OP_DATACRM"."TOT_REEMBOLSOS" IS 'EAMFBCUS:TotalRedeemCount';
   COMMENT ON COLUMN "CRM_EC"."OP_DATACRM"."TOT_AJUSTE_PTOS_SUM" IS 'EAMFBCUS:TotalPointsAdPlus';
   COMMENT ON COLUMN "CRM_EC"."OP_DATACRM"."TOT_AJUSTE_PTOS_RES" IS 'EAMFBCUS:TotalPointsAdMinus';
   COMMENT ON COLUMN "CRM_EC"."OP_DATACRM"."ULTM_NUM_AJUSTE" IS 'EAMFBCUS:LastAdjustFormNum';
   COMMENT ON COLUMN "CRM_EC"."OP_DATACRM"."ULTM_NUM_REEMBOLSO" IS 'EAMFBCUS:LastRedemFormNum';
   COMMENT ON COLUMN "CRM_EC"."OP_DATACRM"."ULTM_FEC_AJUSTE" IS 'EAMFBCUS:LastAdjustDate';
   COMMENT ON COLUMN "CRM_EC"."OP_DATACRM"."ULTM_FEC_REEMBOLSO" IS 'EAMFBCUS:LastRedeemDate';
   COMMENT ON COLUMN "CRM_EC"."OP_DATACRM"."FEC_ACTUALIZA" IS 'EAMFBCUS:ChangeDate';
   COMMENT ON COLUMN "CRM_EC"."OP_DATACRM"."FEC_RESERVA" IS 'EAMFBCUS:LastRainChangeDate';
   COMMENT ON COLUMN "CRM_EC"."OP_DATACRM"."AUTORIZA_REF_CLIENTE" IS 'Y=SI, N=NO - EAMFBCUS:CustomerAuthFlag';
   COMMENT ON COLUMN "CRM_EC"."OP_DATACRM"."ALIAS_REF_CLIENTE" IS 'Y=SI, N=NO - EAMFBCUS:AliasFlag';
   COMMENT ON COLUMN "CRM_EC"."OP_DATACRM"."CUENTA_REFER" IS 'EAMFBCUS:ReferenceAccount';
   COMMENT ON COLUMN "CRM_EC"."OP_DATACRM"."NUM_MONTO_RESERVA" IS 'EAMFBCUS:LastRainCheckAmount';
   COMMENT ON COLUMN "CRM_EC"."OP_DATACRM"."IDREG" IS 'US_USUARIOS';
--------------------------------------------------------
--  DDL for Table OP_GRPDSCTO
--------------------------------------------------------

  CREATE TABLE "CRM_EC"."OP_GRPDSCTO" 
   (	"COD_GRPDSCTO" NUMBER, 
	"DES_GRPDSCTO" VARCHAR2(200 BYTE), 
	"IDREG" NUMBER, 
	"FECHA" DATE DEFAULT SYSDATE
   ) SEGMENT CREATION IMMEDIATE 
  PCTFREE 10 PCTUSED 40 INITRANS 1 MAXTRANS 255 NOCOMPRESS LOGGING
  STORAGE(INITIAL 65536 NEXT 1048576 MINEXTENTS 1 MAXEXTENTS 2147483645
  PCTINCREASE 0 FREELISTS 1 FREELIST GROUPS 1 BUFFER_POOL DEFAULT FLASH_CACHE DEFAULT CELL_FLASH_CACHE DEFAULT)
  TABLESPACE "USERS" ;
--------------------------------------------------------
--  DDL for Table OP_MARCAPRC
--------------------------------------------------------

  CREATE TABLE "CRM_EC"."OP_MARCAPRC" 
   (	"COD_MARCAPRC" NUMBER, 
	"DES_MARCAPRC" VARCHAR2(200 BYTE), 
	"IDREG" NUMBER, 
	"FECHA" DATE DEFAULT SYSDATE
   ) SEGMENT CREATION IMMEDIATE 
  PCTFREE 10 PCTUSED 40 INITRANS 1 MAXTRANS 255 NOCOMPRESS LOGGING
  STORAGE(INITIAL 65536 NEXT 1048576 MINEXTENTS 1 MAXEXTENTS 2147483645
  PCTINCREASE 0 FREELISTS 1 FREELIST GROUPS 1 BUFFER_POOL DEFAULT FLASH_CACHE DEFAULT CELL_FLASH_CACHE DEFAULT)
  TABLESPACE "USERS" ;
--------------------------------------------------------
--  DDL for Table OP_REG_PUNTOS
--------------------------------------------------------

  CREATE TABLE "CRM_EC"."OP_REG_PUNTOS" 
   (	"COD_CLIENTE" NUMBER, 
	"TIPO_TRANSAC" NUMBER, 
	"FEC_TRANSAC" DATE, 
	"HRA_TRANSAC" VARCHAR2(5 BYTE), 
	"NUM_TERMINAL" NUMBER, 
	"TRANSACCION" NUMBER, 
	"OPERADOR" NUMBER, 
	"SUM_PUNTOS" NUMBER, 
	"RES_PUNTOS" NUMBER, 
	"COD_NEGOCIO" NUMBER, 
	"COD_TIENDA" NUMBER, 
	"IDREG" NUMBER, 
	"FECHA" DATE DEFAULT SYSDATE
   ) SEGMENT CREATION IMMEDIATE 
  PCTFREE 10 PCTUSED 40 INITRANS 1 MAXTRANS 255 NOCOMPRESS LOGGING
  STORAGE(INITIAL 65536 NEXT 1048576 MINEXTENTS 1 MAXEXTENTS 2147483645
  PCTINCREASE 0 FREELISTS 1 FREELIST GROUPS 1 BUFFER_POOL DEFAULT FLASH_CACHE DEFAULT CELL_FLASH_CACHE DEFAULT)
  TABLESPACE "USERS" ;

   COMMENT ON COLUMN "CRM_EC"."OP_REG_PUNTOS"."COD_CLIENTE" IS 'OP_CLIENTE, EAMFBAU_:Account';
   COMMENT ON COLUMN "CRM_EC"."OP_REG_PUNTOS"."TIPO_TRANSAC" IS 'R:REEMBOLSO, A:AJUSTE, EAMFBAU_:TranType';
   COMMENT ON COLUMN "CRM_EC"."OP_REG_PUNTOS"."FEC_TRANSAC" IS 'EAMFBAU_:DayTime, YYMMDD';
   COMMENT ON COLUMN "CRM_EC"."OP_REG_PUNTOS"."HRA_TRANSAC" IS 'EAMFBAU_:DayTime, HHmm';
   COMMENT ON COLUMN "CRM_EC"."OP_REG_PUNTOS"."NUM_TERMINAL" IS 'EAMFBAU_:Terminal';
   COMMENT ON COLUMN "CRM_EC"."OP_REG_PUNTOS"."TRANSACCION" IS 'EAMFBAU_:Transaction';
   COMMENT ON COLUMN "CRM_EC"."OP_REG_PUNTOS"."OPERADOR" IS 'EAMFBAU_:Operator';
   COMMENT ON COLUMN "CRM_EC"."OP_REG_PUNTOS"."SUM_PUNTOS" IS 'EAMFBAU_:PointsP';
   COMMENT ON COLUMN "CRM_EC"."OP_REG_PUNTOS"."RES_PUNTOS" IS 'EAMFBAU_:PointsM';
   COMMENT ON COLUMN "CRM_EC"."OP_REG_PUNTOS"."COD_TIENDA" IS 'MN_TIENDA, EAMFBAU_:SerialNum';
--------------------------------------------------------
--  DDL for Table OP_TARJETAS
--------------------------------------------------------

  CREATE TABLE "CRM_EC"."OP_TARJETAS" 
   (	"COD_TARJETA" NUMBER, 
	"COD_CLIENTE" NUMBER, 
	"NUM_TARJETA" VARCHAR2(25 BYTE), 
	"COD_EST_TARJETA" NUMBER, 
	"COD_TIPO_TARJETA" NUMBER, 
	"FEC_ENTREGA" DATE DEFAULT SYSDATE, 
	"IDREG" NUMBER, 
	"FECHA" DATE DEFAULT SYSDATE
   ) SEGMENT CREATION IMMEDIATE 
  PCTFREE 10 PCTUSED 40 INITRANS 1 MAXTRANS 255 NOCOMPRESS LOGGING
  STORAGE(INITIAL 65536 NEXT 1048576 MINEXTENTS 1 MAXEXTENTS 2147483645
  PCTINCREASE 0 FREELISTS 1 FREELIST GROUPS 1 BUFFER_POOL DEFAULT FLASH_CACHE DEFAULT CELL_FLASH_CACHE DEFAULT)
  TABLESPACE "USERS" ;
--------------------------------------------------------
--  DDL for Table PM_TIPOCLIENTE
--------------------------------------------------------

  CREATE TABLE "CRM_EC"."PM_TIPOCLIENTE" 
   (	"COD_TIPOCLIENTE" NUMBER, 
	"DES_TIPOCLIENTE" VARCHAR2(200 BYTE), 
	"IDREG" NUMBER, 
	"FECHA" DATE DEFAULT SYSDATE
   ) SEGMENT CREATION IMMEDIATE 
  PCTFREE 10 PCTUSED 40 INITRANS 1 MAXTRANS 255 NOCOMPRESS LOGGING
  STORAGE(INITIAL 65536 NEXT 1048576 MINEXTENTS 1 MAXEXTENTS 2147483645
  PCTINCREASE 0 FREELISTS 1 FREELIST GROUPS 1 BUFFER_POOL DEFAULT FLASH_CACHE DEFAULT CELL_FLASH_CACHE DEFAULT)
  TABLESPACE "USERS" ;
--------------------------------------------------------
--  DDL for Table PM_TIPOID
--------------------------------------------------------

  CREATE TABLE "CRM_EC"."PM_TIPOID" 
   (	"COD_TIPOID" NUMBER, 
	"TIPO_PERSONA" NUMBER, 
	"DES_TIPOID" VARCHAR2(200 BYTE), 
	"IDREG" NUMBER, 
	"FECHA" DATE DEFAULT SYSDATE
   ) SEGMENT CREATION IMMEDIATE 
  PCTFREE 10 PCTUSED 40 INITRANS 1 MAXTRANS 255 NOCOMPRESS LOGGING
  STORAGE(INITIAL 65536 NEXT 1048576 MINEXTENTS 1 MAXEXTENTS 2147483645
  PCTINCREASE 0 FREELISTS 1 FREELIST GROUPS 1 BUFFER_POOL DEFAULT FLASH_CACHE DEFAULT CELL_FLASH_CACHE DEFAULT)
  TABLESPACE "USERS" ;

   COMMENT ON COLUMN "CRM_EC"."PM_TIPOID"."TIPO_PERSONA" IS '0:NATURAL; 1:JURIDICA';

REM INSERTING into CRM_EC.MN_DATACRM
SET DEFINE OFF;
Insert into CRM_EC.MN_DATACRM (COD_DATACRM,DES_DATACRM,TIPO_DATACRM,IND_ACTIVO,IDREG,FECHA,AMBITO) values ('1','Vivienda','3','1','1103',to_date('06/09/13','DD/MM/RR'),'0');
Insert into CRM_EC.MN_DATACRM (COD_DATACRM,DES_DATACRM,TIPO_DATACRM,IND_ACTIVO,IDREG,FECHA,AMBITO) values ('2','Vehiculo','3','1','1103',to_date('06/09/13','DD/MM/RR'),'0');
Insert into CRM_EC.MN_DATACRM (COD_DATACRM,DES_DATACRM,TIPO_DATACRM,IND_ACTIVO,IDREG,FECHA,AMBITO) values ('3','Deportes','3','1','1103',to_date('06/09/13','DD/MM/RR'),'0');
Insert into CRM_EC.MN_DATACRM (COD_DATACRM,DES_DATACRM,TIPO_DATACRM,IND_ACTIVO,IDREG,FECHA,AMBITO) values ('4','Numero de empleados','3','1','1103',to_date('29/07/14','DD/MM/RR'),'1');

REM INSERTING into CRM_EC.MN_DATACRMOPC
SET DEFINE OFF;
Insert into CRM_EC.MN_DATACRMOPC (COD_DATACRMOPC,COD_DATACRM,DES_DATACRMOPC,IDREG,FECHA) values ('11','4','13-39','1103',to_date('25/10/15','DD/MM/RR'));
Insert into CRM_EC.MN_DATACRMOPC (COD_DATACRMOPC,COD_DATACRM,DES_DATACRMOPC,IDREG,FECHA) values ('12','4','40-160','1103',to_date('06/09/13','DD/MM/RR'));
Insert into CRM_EC.MN_DATACRMOPC (COD_DATACRMOPC,COD_DATACRM,DES_DATACRMOPC,IDREG,FECHA) values ('10','4','0-12','1103',to_date('06/09/13','DD/MM/RR'));
Insert into CRM_EC.MN_DATACRMOPC (COD_DATACRMOPC,COD_DATACRM,DES_DATACRMOPC,IDREG,FECHA) values ('13','4','161-805','1103',to_date('06/09/13','DD/MM/RR'));
Insert into CRM_EC.MN_DATACRMOPC (COD_DATACRMOPC,COD_DATACRM,DES_DATACRMOPC,IDREG,FECHA) values ('14','4','806-mas','1103',to_date('06/09/13','DD/MM/RR'));
Insert into CRM_EC.MN_DATACRMOPC (COD_DATACRMOPC,COD_DATACRM,DES_DATACRMOPC,IDREG,FECHA) values ('3','3','FOOTBALL','1103',to_date('05/09/13','DD/MM/RR'));
Insert into CRM_EC.MN_DATACRMOPC (COD_DATACRMOPC,COD_DATACRM,DES_DATACRMOPC,IDREG,FECHA) values ('1','3','BASKETBALL','1103',to_date('05/09/13','DD/MM/RR'));
Insert into CRM_EC.MN_DATACRMOPC (COD_DATACRMOPC,COD_DATACRM,DES_DATACRMOPC,IDREG,FECHA) values ('2','3','TENNIS','1103',to_date('05/09/13','DD/MM/RR'));
Insert into CRM_EC.MN_DATACRMOPC (COD_DATACRMOPC,COD_DATACRM,DES_DATACRMOPC,IDREG,FECHA) values ('4','2','SI','1103',to_date('05/09/13','DD/MM/RR'));
Insert into CRM_EC.MN_DATACRMOPC (COD_DATACRMOPC,COD_DATACRM,DES_DATACRMOPC,IDREG,FECHA) values ('5','2','NO','1103',to_date('05/09/13','DD/MM/RR'));
Insert into CRM_EC.MN_DATACRMOPC (COD_DATACRMOPC,COD_DATACRM,DES_DATACRMOPC,IDREG,FECHA) values ('6','1','PROPIA','1103',to_date('05/09/13','DD/MM/RR'));
Insert into CRM_EC.MN_DATACRMOPC (COD_DATACRMOPC,COD_DATACRM,DES_DATACRMOPC,IDREG,FECHA) values ('7','1','EN ARRIENDO','1103',to_date('05/09/13','DD/MM/RR'));
Insert into CRM_EC.MN_DATACRMOPC (COD_DATACRMOPC,COD_DATACRM,DES_DATACRMOPC,IDREG,FECHA) values ('8','1','NO TIENE','1103',to_date('05/09/13','DD/MM/RR'));
Insert into CRM_EC.MN_DATACRMOPC (COD_DATACRMOPC,COD_DATACRM,DES_DATACRMOPC,IDREG,FECHA) values ('15','3','NATACION','1103',to_date('25/10/15','DD/MM/RR'));

REM INSERTING into CRM_EC.MN_DEMOGRAF
SET DEFINE OFF;
Insert into CRM_EC.MN_DEMOGRAF (COD_DEMOGRAF,DES_DEMOGRAF,IDREG,FECHA) values ('0','NO REGISTRA','1103',to_date('04/11/13','DD/MM/RR'));
Insert into CRM_EC.MN_DEMOGRAF (COD_DEMOGRAF,DES_DEMOGRAF,IDREG,FECHA) values ('1','EDUCACION BASICA','1103',to_date('27/08/13','DD/MM/RR'));
Insert into CRM_EC.MN_DEMOGRAF (COD_DEMOGRAF,DES_DEMOGRAF,IDREG,FECHA) values ('2','EDUCACION MEDIA','1103',to_date('27/08/13','DD/MM/RR'));
Insert into CRM_EC.MN_DEMOGRAF (COD_DEMOGRAF,DES_DEMOGRAF,IDREG,FECHA) values ('3','TECNICO SUPERIOR','1103',to_date('29/07/14','DD/MM/RR'));
Insert into CRM_EC.MN_DEMOGRAF (COD_DEMOGRAF,DES_DEMOGRAF,IDREG,FECHA) values ('4','UNIVERSITARIA','1103',to_date('27/08/13','DD/MM/RR'));
Insert into CRM_EC.MN_DEMOGRAF (COD_DEMOGRAF,DES_DEMOGRAF,IDREG,FECHA) values ('5','SIN ESCOLARIDAD','1103',to_date('27/08/13','DD/MM/RR'));

REM INSERTING into CRM_EC.MN_ESTADO
SET DEFINE OFF;
Insert into CRM_EC.MN_ESTADO (COD_ESTADO,DES_ESTADO,COL_ESTADO,IDREG,FECHA,ABR_ESTADO,CSF_ESTADO,VAL_ESTADO) values ('4','ESTADO DISPONIBLE 3','FF9800','1103',to_date('26/10/15','DD/MM/RR'),'DISP3','color:#FFF','3');
Insert into CRM_EC.MN_ESTADO (COD_ESTADO,DES_ESTADO,COL_ESTADO,IDREG,FECHA,ABR_ESTADO,CSF_ESTADO,VAL_ESTADO) values ('5','ESTADO DISPONIBLE 4','2196F3','1103',to_date('26/10/15','DD/MM/RR'),'DISP4','color:#FFF','4');
Insert into CRM_EC.MN_ESTADO (COD_ESTADO,DES_ESTADO,COL_ESTADO,IDREG,FECHA,ABR_ESTADO,CSF_ESTADO,VAL_ESTADO) values ('6','ESTADO DISPONIBLE 5','009688','1103',to_date('26/10/15','DD/MM/RR'),'DISP5','color:#FFF','5');
Insert into CRM_EC.MN_ESTADO (COD_ESTADO,DES_ESTADO,COL_ESTADO,IDREG,FECHA,ABR_ESTADO,CSF_ESTADO,VAL_ESTADO) values ('7','ESTADO DISPONIBLE 6','9C27B0','1103',to_date('26/10/15','DD/MM/RR'),'DISP6','color:#FFF','6');
Insert into CRM_EC.MN_ESTADO (COD_ESTADO,DES_ESTADO,COL_ESTADO,IDREG,FECHA,ABR_ESTADO,CSF_ESTADO,VAL_ESTADO) values ('8','ESTADO DISPONIBLE 7','3F51B5','1103',to_date('26/10/15','DD/MM/RR'),'DISP7','color:#FFF','7');
Insert into CRM_EC.MN_ESTADO (COD_ESTADO,DES_ESTADO,COL_ESTADO,IDREG,FECHA,ABR_ESTADO,CSF_ESTADO,VAL_ESTADO) values ('1','CUENTA EN REGISTRO','9E9E9E','1103',to_date('26/10/15','DD/MM/RR'),'REGISTRO','color:#FFF','0');
Insert into CRM_EC.MN_ESTADO (COD_ESTADO,DES_ESTADO,COL_ESTADO,IDREG,FECHA,ABR_ESTADO,CSF_ESTADO,VAL_ESTADO) values ('3','CUENTA BLOQUEADA','F44336','1103',to_date('26/10/15','DD/MM/RR'),'BLOQUEADA','color:#FFF','2');
Insert into CRM_EC.MN_ESTADO (COD_ESTADO,DES_ESTADO,COL_ESTADO,IDREG,FECHA,ABR_ESTADO,CSF_ESTADO,VAL_ESTADO) values ('2','CUENTA ACTIVA','4CAF50','1103',to_date('26/10/15','DD/MM/RR'),'ACTIVA','color:#FFF','1');

REM INSERTING into CRM_EC.MN_EST_TARJETA
SET DEFINE OFF;
Insert into CRM_EC.MN_EST_TARJETA (COD_EST_TARJETA,DES_EST_TARJETA,IDREG,FECHA,COL_ESTADO,CSF_ESTADO) values ('1','Activa','1103',to_date('26/10/15','DD/MM/RR'),'4CAF50','color:#FFF');
Insert into CRM_EC.MN_EST_TARJETA (COD_EST_TARJETA,DES_EST_TARJETA,IDREG,FECHA,COL_ESTADO,CSF_ESTADO) values ('2','Bloqueada','1103',to_date('26/10/15','DD/MM/RR'),'F44336','color:#FFF');
Insert into CRM_EC.MN_EST_TARJETA (COD_EST_TARJETA,DES_EST_TARJETA,IDREG,FECHA,COL_ESTADO,CSF_ESTADO) values ('3','Extraviada','1103',to_date('26/10/15','DD/MM/RR'),'FF9800','color:#FFF');

REM INSERTING into CRM_EC.MN_INGRESO
SET DEFINE OFF;
Insert into CRM_EC.MN_INGRESO (COD_INGRESO,MIN_INGRESO,MAX_INGRESO,IDREG,FECHA) values ('0','0','0','1103',to_date('04/11/13','DD/MM/RR'));
Insert into CRM_EC.MN_INGRESO (COD_INGRESO,MIN_INGRESO,MAX_INGRESO,IDREG,FECHA) values ('1','0','5000','1103',to_date('16/12/14','DD/MM/RR'));
Insert into CRM_EC.MN_INGRESO (COD_INGRESO,MIN_INGRESO,MAX_INGRESO,IDREG,FECHA) values ('2','5000','10000','1103',to_date('16/12/14','DD/MM/RR'));
Insert into CRM_EC.MN_INGRESO (COD_INGRESO,MIN_INGRESO,MAX_INGRESO,IDREG,FECHA) values ('3','10000','20000','1103',to_date('16/12/14','DD/MM/RR'));
Insert into CRM_EC.MN_INGRESO (COD_INGRESO,MIN_INGRESO,MAX_INGRESO,IDREG,FECHA) values ('4','20000','40000','1103',to_date('16/12/14','DD/MM/RR'));
Insert into CRM_EC.MN_INGRESO (COD_INGRESO,MIN_INGRESO,MAX_INGRESO,IDREG,FECHA) values ('5','40000','60000','1103',to_date('16/12/14','DD/MM/RR'));
Insert into CRM_EC.MN_INGRESO (COD_INGRESO,MIN_INGRESO,MAX_INGRESO,IDREG,FECHA) values ('6','60000','100000','1103',to_date('16/12/14','DD/MM/RR'));
Insert into CRM_EC.MN_INGRESO (COD_INGRESO,MIN_INGRESO,MAX_INGRESO,IDREG,FECHA) values ('7','100000','150000','1103',to_date('16/12/14','DD/MM/RR'));
Insert into CRM_EC.MN_INGRESO (COD_INGRESO,MIN_INGRESO,MAX_INGRESO,IDREG,FECHA) values ('8','150000','300000','1103',to_date('16/12/14','DD/MM/RR'));

REM INSERTING into CRM_EC.MN_TIPO_TARJETA
SET DEFINE OFF;
Insert into CRM_EC.MN_TIPO_TARJETA (COD_TIPO_TARJETA,DES_TIPO_TARJETA,IDREG,FECHA) values ('1','Titular','1103',to_date('05/09/13','DD/MM/RR'));
Insert into CRM_EC.MN_TIPO_TARJETA (COD_TIPO_TARJETA,DES_TIPO_TARJETA,IDREG,FECHA) values ('2','Adicional','1103',to_date('29/07/14','DD/MM/RR'));

REM INSERTING into CRM_EC.OP_MARCAPRC
SET DEFINE OFF;
Insert into CRM_EC.OP_MARCAPRC (COD_MARCAPRC,DES_MARCAPRC,IDREG,FECHA) values ('1','Do not personalize trailer message','1103',to_date('05/09/13','DD/MM/RR'));
Insert into CRM_EC.OP_MARCAPRC (COD_MARCAPRC,DES_MARCAPRC,IDREG,FECHA) values ('2','Do not collect panel data','1103',to_date('05/09/13','DD/MM/RR'));
Insert into CRM_EC.OP_MARCAPRC (COD_MARCAPRC,DES_MARCAPRC,IDREG,FECHA) values ('4','Do not give automatic coupons','1103',to_date('05/09/13','DD/MM/RR'));
Insert into CRM_EC.OP_MARCAPRC (COD_MARCAPRC,DES_MARCAPRC,IDREG,FECHA) values ('8','Do not give enrolled customer points','1103',to_date('05/09/13','DD/MM/RR'));
Insert into CRM_EC.OP_MARCAPRC (COD_MARCAPRC,DES_MARCAPRC,IDREG,FECHA) values ('10','Transfer data is available','1103',to_date('05/09/13','DD/MM/RR'));
Insert into CRM_EC.OP_MARCAPRC (COD_MARCAPRC,DES_MARCAPRC,IDREG,FECHA) values ('20','Use alternate ID as alias ID','1103',to_date('29/07/14','DD/MM/RR'));
Insert into CRM_EC.OP_MARCAPRC (COD_MARCAPRC,DES_MARCAPRC,IDREG,FECHA) values ('40','Do not update non-home-store record','1103',to_date('05/09/13','DD/MM/RR'));
Insert into CRM_EC.OP_MARCAPRC (COD_MARCAPRC,DES_MARCAPRC,IDREG,FECHA) values ('80','Do not give preferred discounts','1103',to_date('05/09/13','DD/MM/RR'));

REM INSERTING into CRM_EC.PM_TIPOCLIENTE
SET DEFINE OFF;
Insert into CRM_EC.PM_TIPOCLIENTE (COD_TIPOCLIENTE,DES_TIPOCLIENTE,IDREG,FECHA) values ('1','AFILIADO','1103',to_date('27/08/13','DD/MM/RR'));
Insert into CRM_EC.PM_TIPOCLIENTE (COD_TIPOCLIENTE,DES_TIPOCLIENTE,IDREG,FECHA) values ('2','BENEFICIARIO','1103',to_date('29/07/14','DD/MM/RR'));
Insert into CRM_EC.PM_TIPOCLIENTE (COD_TIPOCLIENTE,DES_TIPOCLIENTE,IDREG,FECHA) values ('3','NO AFILIADO','1103',to_date('27/08/13','DD/MM/RR'));

REM INSERTING into CRM_EC.PM_TIPOID
SET DEFINE OFF;
Insert into CRM_EC.PM_TIPOID (COD_TIPOID,TIPO_PERSONA,DES_TIPOID,IDREG,FECHA) values ('1','0','CEDULA DE CIUDADANIA','1103',to_date('29/08/13','DD/MM/RR'));
Insert into CRM_EC.PM_TIPOID (COD_TIPOID,TIPO_PERSONA,DES_TIPOID,IDREG,FECHA) values ('2','0','CEDULA EXTRANJERIA','1103',to_date('29/07/14','DD/MM/RR'));
Insert into CRM_EC.PM_TIPOID (COD_TIPOID,TIPO_PERSONA,DES_TIPOID,IDREG,FECHA) values ('3','1','NIT','1103',to_date('27/08/13','DD/MM/RR'));
--------------------------------------------------------
--  DDL for Index MN_DATACRMOPC_PK
--------------------------------------------------------

  CREATE UNIQUE INDEX "CRM_EC"."MN_DATACRMOPC_PK" ON "CRM_EC"."MN_DATACRMOPC" ("COD_DATACRMOPC") 
  PCTFREE 10 INITRANS 2 MAXTRANS 255 COMPUTE STATISTICS 
  STORAGE(INITIAL 65536 NEXT 1048576 MINEXTENTS 1 MAXEXTENTS 2147483645
  PCTINCREASE 0 FREELISTS 1 FREELIST GROUPS 1 BUFFER_POOL DEFAULT FLASH_CACHE DEFAULT CELL_FLASH_CACHE DEFAULT)
  TABLESPACE "USERS" ;
--------------------------------------------------------
--  DDL for Index MN_DATACRM_PK
--------------------------------------------------------

  CREATE UNIQUE INDEX "CRM_EC"."MN_DATACRM_PK" ON "CRM_EC"."MN_DATACRM" ("COD_DATACRM") 
  PCTFREE 10 INITRANS 2 MAXTRANS 255 COMPUTE STATISTICS 
  STORAGE(INITIAL 65536 NEXT 1048576 MINEXTENTS 1 MAXEXTENTS 2147483645
  PCTINCREASE 0 FREELISTS 1 FREELIST GROUPS 1 BUFFER_POOL DEFAULT FLASH_CACHE DEFAULT CELL_FLASH_CACHE DEFAULT)
  TABLESPACE "USERS" ;
--------------------------------------------------------
--  DDL for Index MN_DEMOGRAF_PK
--------------------------------------------------------

  CREATE UNIQUE INDEX "CRM_EC"."MN_DEMOGRAF_PK" ON "CRM_EC"."MN_DEMOGRAF" ("COD_DEMOGRAF") 
  PCTFREE 10 INITRANS 2 MAXTRANS 255 COMPUTE STATISTICS 
  STORAGE(INITIAL 65536 NEXT 1048576 MINEXTENTS 1 MAXEXTENTS 2147483645
  PCTINCREASE 0 FREELISTS 1 FREELIST GROUPS 1 BUFFER_POOL DEFAULT FLASH_CACHE DEFAULT CELL_FLASH_CACHE DEFAULT)
  TABLESPACE "USERS" ;
--------------------------------------------------------
--  DDL for Index MN_ESTADO_PK
--------------------------------------------------------

  CREATE UNIQUE INDEX "CRM_EC"."MN_ESTADO_PK" ON "CRM_EC"."MN_ESTADO" ("COD_ESTADO") 
  PCTFREE 10 INITRANS 2 MAXTRANS 255 COMPUTE STATISTICS 
  STORAGE(INITIAL 65536 NEXT 1048576 MINEXTENTS 1 MAXEXTENTS 2147483645
  PCTINCREASE 0 FREELISTS 1 FREELIST GROUPS 1 BUFFER_POOL DEFAULT FLASH_CACHE DEFAULT CELL_FLASH_CACHE DEFAULT)
  TABLESPACE "USERS" ;
--------------------------------------------------------
--  DDL for Index MN_EST_TARJETA_PK
--------------------------------------------------------

  CREATE UNIQUE INDEX "CRM_EC"."MN_EST_TARJETA_PK" ON "CRM_EC"."MN_EST_TARJETA" ("COD_EST_TARJETA") 
  PCTFREE 10 INITRANS 2 MAXTRANS 255 COMPUTE STATISTICS 
  STORAGE(INITIAL 65536 NEXT 1048576 MINEXTENTS 1 MAXEXTENTS 2147483645
  PCTINCREASE 0 FREELISTS 1 FREELIST GROUPS 1 BUFFER_POOL DEFAULT FLASH_CACHE DEFAULT CELL_FLASH_CACHE DEFAULT)
  TABLESPACE "USERS" ;
--------------------------------------------------------
--  DDL for Index MN_INGRESO_PK
--------------------------------------------------------

  CREATE UNIQUE INDEX "CRM_EC"."MN_INGRESO_PK" ON "CRM_EC"."MN_INGRESO" ("COD_INGRESO") 
  PCTFREE 10 INITRANS 2 MAXTRANS 255 COMPUTE STATISTICS 
  STORAGE(INITIAL 65536 NEXT 1048576 MINEXTENTS 1 MAXEXTENTS 2147483645
  PCTINCREASE 0 FREELISTS 1 FREELIST GROUPS 1 BUFFER_POOL DEFAULT FLASH_CACHE DEFAULT CELL_FLASH_CACHE DEFAULT)
  TABLESPACE "USERS" ;
--------------------------------------------------------
--  DDL for Index MN_TIPO_TARJETA_PK
--------------------------------------------------------

  CREATE UNIQUE INDEX "CRM_EC"."MN_TIPO_TARJETA_PK" ON "CRM_EC"."MN_TIPO_TARJETA" ("COD_TIPO_TARJETA") 
  PCTFREE 10 INITRANS 2 MAXTRANS 255 COMPUTE STATISTICS 
  STORAGE(INITIAL 65536 NEXT 1048576 MINEXTENTS 1 MAXEXTENTS 2147483645
  PCTINCREASE 0 FREELISTS 1 FREELIST GROUPS 1 BUFFER_POOL DEFAULT FLASH_CACHE DEFAULT CELL_FLASH_CACHE DEFAULT)
  TABLESPACE "USERS" ;
--------------------------------------------------------
--  DDL for Index OP_CAMPANIA_MOV_PK
--------------------------------------------------------

  CREATE UNIQUE INDEX "CRM_EC"."OP_CAMPANIA_MOV_PK" ON "CRM_EC"."OP_CAMPANIA_MOV" ("MOV_CAMPANIA") 
  PCTFREE 10 INITRANS 2 MAXTRANS 255 COMPUTE STATISTICS 
  STORAGE(INITIAL 65536 NEXT 1048576 MINEXTENTS 1 MAXEXTENTS 2147483645
  PCTINCREASE 0 FREELISTS 1 FREELIST GROUPS 1 BUFFER_POOL DEFAULT FLASH_CACHE DEFAULT CELL_FLASH_CACHE DEFAULT)
  TABLESPACE "USERS" ;
--------------------------------------------------------
--  DDL for Index OP_CAMPANIA_PK
--------------------------------------------------------

  CREATE UNIQUE INDEX "CRM_EC"."OP_CAMPANIA_PK" ON "CRM_EC"."OP_CAMPANIA" ("COD_CAMPANIA") 
  PCTFREE 10 INITRANS 2 MAXTRANS 255 COMPUTE STATISTICS 
  STORAGE(INITIAL 65536 NEXT 1048576 MINEXTENTS 1 MAXEXTENTS 2147483645
  PCTINCREASE 0 FREELISTS 1 FREELIST GROUPS 1 BUFFER_POOL DEFAULT FLASH_CACHE DEFAULT CELL_FLASH_CACHE DEFAULT)
  TABLESPACE "USERS" ;
--------------------------------------------------------
--  DDL for Index OP_CLIENTE_PK
--------------------------------------------------------

  CREATE UNIQUE INDEX "CRM_EC"."OP_CLIENTE_PK" ON "CRM_EC"."OP_CLIENTE" ("COD_CLIENTE") 
  PCTFREE 10 INITRANS 2 MAXTRANS 255 COMPUTE STATISTICS 
  STORAGE(INITIAL 65536 NEXT 1048576 MINEXTENTS 1 MAXEXTENTS 2147483645
  PCTINCREASE 0 FREELISTS 1 FREELIST GROUPS 1 BUFFER_POOL DEFAULT FLASH_CACHE DEFAULT CELL_FLASH_CACHE DEFAULT)
  TABLESPACE "USERS" ;
--------------------------------------------------------
--  DDL for Index OP_GRPDSCTO_PK
--------------------------------------------------------

  CREATE UNIQUE INDEX "CRM_EC"."OP_GRPDSCTO_PK" ON "CRM_EC"."OP_GRPDSCTO" ("COD_GRPDSCTO") 
  PCTFREE 10 INITRANS 2 MAXTRANS 255 COMPUTE STATISTICS 
  STORAGE(INITIAL 65536 NEXT 1048576 MINEXTENTS 1 MAXEXTENTS 2147483645
  PCTINCREASE 0 FREELISTS 1 FREELIST GROUPS 1 BUFFER_POOL DEFAULT FLASH_CACHE DEFAULT CELL_FLASH_CACHE DEFAULT)
  TABLESPACE "USERS" ;
--------------------------------------------------------
--  DDL for Index OP_MARCAPRC_PK
--------------------------------------------------------

  CREATE UNIQUE INDEX "CRM_EC"."OP_MARCAPRC_PK" ON "CRM_EC"."OP_MARCAPRC" ("COD_MARCAPRC") 
  PCTFREE 10 INITRANS 2 MAXTRANS 255 COMPUTE STATISTICS 
  STORAGE(INITIAL 65536 NEXT 1048576 MINEXTENTS 1 MAXEXTENTS 2147483645
  PCTINCREASE 0 FREELISTS 1 FREELIST GROUPS 1 BUFFER_POOL DEFAULT FLASH_CACHE DEFAULT CELL_FLASH_CACHE DEFAULT)
  TABLESPACE "USERS" ;
--------------------------------------------------------
--  DDL for Index PM_TIPOCLIENTE_PK
--------------------------------------------------------

  CREATE UNIQUE INDEX "CRM_EC"."PM_TIPOCLIENTE_PK" ON "CRM_EC"."PM_TIPOCLIENTE" ("COD_TIPOCLIENTE") 
  PCTFREE 10 INITRANS 2 MAXTRANS 255 COMPUTE STATISTICS 
  STORAGE(INITIAL 65536 NEXT 1048576 MINEXTENTS 1 MAXEXTENTS 2147483645
  PCTINCREASE 0 FREELISTS 1 FREELIST GROUPS 1 BUFFER_POOL DEFAULT FLASH_CACHE DEFAULT CELL_FLASH_CACHE DEFAULT)
  TABLESPACE "USERS" ;
--------------------------------------------------------
--  DDL for Index PM_TIPOID_PK
--------------------------------------------------------

  CREATE UNIQUE INDEX "CRM_EC"."PM_TIPOID_PK" ON "CRM_EC"."PM_TIPOID" ("COD_TIPOID") 
  PCTFREE 10 INITRANS 2 MAXTRANS 255 COMPUTE STATISTICS 
  STORAGE(INITIAL 65536 NEXT 1048576 MINEXTENTS 1 MAXEXTENTS 2147483645
  PCTINCREASE 0 FREELISTS 1 FREELIST GROUPS 1 BUFFER_POOL DEFAULT FLASH_CACHE DEFAULT CELL_FLASH_CACHE DEFAULT)
  TABLESPACE "USERS" ;
--------------------------------------------------------
--  Constraints for Table MN_DATACRM
--------------------------------------------------------

  ALTER TABLE "CRM_EC"."MN_DATACRM" MODIFY ("COD_DATACRM" NOT NULL ENABLE);
  ALTER TABLE "CRM_EC"."MN_DATACRM" ADD CONSTRAINT "MN_DATACRM_PK" PRIMARY KEY ("COD_DATACRM")
  USING INDEX PCTFREE 10 INITRANS 2 MAXTRANS 255 COMPUTE STATISTICS 
  STORAGE(INITIAL 65536 NEXT 1048576 MINEXTENTS 1 MAXEXTENTS 2147483645
  PCTINCREASE 0 FREELISTS 1 FREELIST GROUPS 1 BUFFER_POOL DEFAULT FLASH_CACHE DEFAULT CELL_FLASH_CACHE DEFAULT)
  TABLESPACE "USERS"  ENABLE;
--------------------------------------------------------
--  Constraints for Table MN_DATACRMOPC
--------------------------------------------------------

  ALTER TABLE "CRM_EC"."MN_DATACRMOPC" MODIFY ("COD_DATACRMOPC" NOT NULL ENABLE);
  ALTER TABLE "CRM_EC"."MN_DATACRMOPC" ADD CONSTRAINT "MN_DATACRMOPC_PK" PRIMARY KEY ("COD_DATACRMOPC")
  USING INDEX PCTFREE 10 INITRANS 2 MAXTRANS 255 COMPUTE STATISTICS 
  STORAGE(INITIAL 65536 NEXT 1048576 MINEXTENTS 1 MAXEXTENTS 2147483645
  PCTINCREASE 0 FREELISTS 1 FREELIST GROUPS 1 BUFFER_POOL DEFAULT FLASH_CACHE DEFAULT CELL_FLASH_CACHE DEFAULT)
  TABLESPACE "USERS"  ENABLE;
--------------------------------------------------------
--  Constraints for Table MN_DEMOGRAF
--------------------------------------------------------

  ALTER TABLE "CRM_EC"."MN_DEMOGRAF" MODIFY ("COD_DEMOGRAF" NOT NULL ENABLE);
  ALTER TABLE "CRM_EC"."MN_DEMOGRAF" ADD CONSTRAINT "MN_DEMOGRAF_PK" PRIMARY KEY ("COD_DEMOGRAF")
  USING INDEX PCTFREE 10 INITRANS 2 MAXTRANS 255 COMPUTE STATISTICS 
  STORAGE(INITIAL 65536 NEXT 1048576 MINEXTENTS 1 MAXEXTENTS 2147483645
  PCTINCREASE 0 FREELISTS 1 FREELIST GROUPS 1 BUFFER_POOL DEFAULT FLASH_CACHE DEFAULT CELL_FLASH_CACHE DEFAULT)
  TABLESPACE "USERS"  ENABLE;
--------------------------------------------------------
--  Constraints for Table MN_ESTADO
--------------------------------------------------------

  ALTER TABLE "CRM_EC"."MN_ESTADO" MODIFY ("COD_ESTADO" NOT NULL ENABLE);
  ALTER TABLE "CRM_EC"."MN_ESTADO" ADD CONSTRAINT "MN_ESTADO_PK" PRIMARY KEY ("COD_ESTADO")
  USING INDEX PCTFREE 10 INITRANS 2 MAXTRANS 255 COMPUTE STATISTICS 
  STORAGE(INITIAL 65536 NEXT 1048576 MINEXTENTS 1 MAXEXTENTS 2147483645
  PCTINCREASE 0 FREELISTS 1 FREELIST GROUPS 1 BUFFER_POOL DEFAULT FLASH_CACHE DEFAULT CELL_FLASH_CACHE DEFAULT)
  TABLESPACE "USERS"  ENABLE;
--------------------------------------------------------
--  Constraints for Table MN_EST_TARJETA
--------------------------------------------------------

  ALTER TABLE "CRM_EC"."MN_EST_TARJETA" MODIFY ("COD_EST_TARJETA" NOT NULL ENABLE);
  ALTER TABLE "CRM_EC"."MN_EST_TARJETA" ADD CONSTRAINT "MN_EST_TARJETA_PK" PRIMARY KEY ("COD_EST_TARJETA")
  USING INDEX PCTFREE 10 INITRANS 2 MAXTRANS 255 COMPUTE STATISTICS 
  STORAGE(INITIAL 65536 NEXT 1048576 MINEXTENTS 1 MAXEXTENTS 2147483645
  PCTINCREASE 0 FREELISTS 1 FREELIST GROUPS 1 BUFFER_POOL DEFAULT FLASH_CACHE DEFAULT CELL_FLASH_CACHE DEFAULT)
  TABLESPACE "USERS"  ENABLE;
--------------------------------------------------------
--  Constraints for Table MN_INGRESO
--------------------------------------------------------

  ALTER TABLE "CRM_EC"."MN_INGRESO" MODIFY ("COD_INGRESO" NOT NULL ENABLE);
  ALTER TABLE "CRM_EC"."MN_INGRESO" ADD CONSTRAINT "MN_INGRESO_PK" PRIMARY KEY ("COD_INGRESO")
  USING INDEX PCTFREE 10 INITRANS 2 MAXTRANS 255 COMPUTE STATISTICS 
  STORAGE(INITIAL 65536 NEXT 1048576 MINEXTENTS 1 MAXEXTENTS 2147483645
  PCTINCREASE 0 FREELISTS 1 FREELIST GROUPS 1 BUFFER_POOL DEFAULT FLASH_CACHE DEFAULT CELL_FLASH_CACHE DEFAULT)
  TABLESPACE "USERS"  ENABLE;
--------------------------------------------------------
--  Constraints for Table MN_TIPO_TARJETA
--------------------------------------------------------

  ALTER TABLE "CRM_EC"."MN_TIPO_TARJETA" MODIFY ("COD_TIPO_TARJETA" NOT NULL ENABLE);
  ALTER TABLE "CRM_EC"."MN_TIPO_TARJETA" ADD CONSTRAINT "MN_TIPO_TARJETA_PK" PRIMARY KEY ("COD_TIPO_TARJETA")
  USING INDEX PCTFREE 10 INITRANS 2 MAXTRANS 255 COMPUTE STATISTICS 
  STORAGE(INITIAL 65536 NEXT 1048576 MINEXTENTS 1 MAXEXTENTS 2147483645
  PCTINCREASE 0 FREELISTS 1 FREELIST GROUPS 1 BUFFER_POOL DEFAULT FLASH_CACHE DEFAULT CELL_FLASH_CACHE DEFAULT)
  TABLESPACE "USERS"  ENABLE;
--------------------------------------------------------
--  Constraints for Table OP_CAMPANIA
--------------------------------------------------------

  ALTER TABLE "CRM_EC"."OP_CAMPANIA" MODIFY ("COD_CAMPANIA" NOT NULL ENABLE);
  ALTER TABLE "CRM_EC"."OP_CAMPANIA" ADD CONSTRAINT "OP_CAMPANIA_PK" PRIMARY KEY ("COD_CAMPANIA")
  USING INDEX PCTFREE 10 INITRANS 2 MAXTRANS 255 COMPUTE STATISTICS 
  STORAGE(INITIAL 65536 NEXT 1048576 MINEXTENTS 1 MAXEXTENTS 2147483645
  PCTINCREASE 0 FREELISTS 1 FREELIST GROUPS 1 BUFFER_POOL DEFAULT FLASH_CACHE DEFAULT CELL_FLASH_CACHE DEFAULT)
  TABLESPACE "USERS"  ENABLE;
--------------------------------------------------------
--  Constraints for Table OP_CAMPANIA_MOV
--------------------------------------------------------

  ALTER TABLE "CRM_EC"."OP_CAMPANIA_MOV" MODIFY ("MOV_CAMPANIA" NOT NULL ENABLE);
  ALTER TABLE "CRM_EC"."OP_CAMPANIA_MOV" ADD CONSTRAINT "OP_CAMPANIA_MOV_PK" PRIMARY KEY ("MOV_CAMPANIA")
  USING INDEX PCTFREE 10 INITRANS 2 MAXTRANS 255 COMPUTE STATISTICS 
  STORAGE(INITIAL 65536 NEXT 1048576 MINEXTENTS 1 MAXEXTENTS 2147483645
  PCTINCREASE 0 FREELISTS 1 FREELIST GROUPS 1 BUFFER_POOL DEFAULT FLASH_CACHE DEFAULT CELL_FLASH_CACHE DEFAULT)
  TABLESPACE "USERS"  ENABLE;
--------------------------------------------------------
--  Constraints for Table OP_CLIENTE
--------------------------------------------------------

  ALTER TABLE "CRM_EC"."OP_CLIENTE" MODIFY ("COD_CLIENTE" NOT NULL ENABLE);
  ALTER TABLE "CRM_EC"."OP_CLIENTE" ADD CONSTRAINT "OP_CLIENTE_PK" PRIMARY KEY ("COD_CLIENTE")
  USING INDEX PCTFREE 10 INITRANS 2 MAXTRANS 255 COMPUTE STATISTICS 
  STORAGE(INITIAL 65536 NEXT 1048576 MINEXTENTS 1 MAXEXTENTS 2147483645
  PCTINCREASE 0 FREELISTS 1 FREELIST GROUPS 1 BUFFER_POOL DEFAULT FLASH_CACHE DEFAULT CELL_FLASH_CACHE DEFAULT)
  TABLESPACE "USERS"  ENABLE;
--------------------------------------------------------
--  Constraints for Table OP_GRPDSCTO
--------------------------------------------------------

  ALTER TABLE "CRM_EC"."OP_GRPDSCTO" MODIFY ("COD_GRPDSCTO" NOT NULL ENABLE);
  ALTER TABLE "CRM_EC"."OP_GRPDSCTO" ADD CONSTRAINT "OP_GRPDSCTO_PK" PRIMARY KEY ("COD_GRPDSCTO")
  USING INDEX PCTFREE 10 INITRANS 2 MAXTRANS 255 COMPUTE STATISTICS 
  STORAGE(INITIAL 65536 NEXT 1048576 MINEXTENTS 1 MAXEXTENTS 2147483645
  PCTINCREASE 0 FREELISTS 1 FREELIST GROUPS 1 BUFFER_POOL DEFAULT FLASH_CACHE DEFAULT CELL_FLASH_CACHE DEFAULT)
  TABLESPACE "USERS"  ENABLE;
--------------------------------------------------------
--  Constraints for Table OP_MARCAPRC
--------------------------------------------------------

  ALTER TABLE "CRM_EC"."OP_MARCAPRC" MODIFY ("COD_MARCAPRC" NOT NULL ENABLE);
  ALTER TABLE "CRM_EC"."OP_MARCAPRC" ADD CONSTRAINT "OP_MARCAPRC_PK" PRIMARY KEY ("COD_MARCAPRC")
  USING INDEX PCTFREE 10 INITRANS 2 MAXTRANS 255 COMPUTE STATISTICS 
  STORAGE(INITIAL 65536 NEXT 1048576 MINEXTENTS 1 MAXEXTENTS 2147483645
  PCTINCREASE 0 FREELISTS 1 FREELIST GROUPS 1 BUFFER_POOL DEFAULT FLASH_CACHE DEFAULT CELL_FLASH_CACHE DEFAULT)
  TABLESPACE "USERS"  ENABLE;
--------------------------------------------------------
--  Constraints for Table PM_TIPOCLIENTE
--------------------------------------------------------

  ALTER TABLE "CRM_EC"."PM_TIPOCLIENTE" MODIFY ("COD_TIPOCLIENTE" NOT NULL ENABLE);
  ALTER TABLE "CRM_EC"."PM_TIPOCLIENTE" ADD CONSTRAINT "PM_TIPOCLIENTE_PK" PRIMARY KEY ("COD_TIPOCLIENTE")
  USING INDEX PCTFREE 10 INITRANS 2 MAXTRANS 255 COMPUTE STATISTICS 
  STORAGE(INITIAL 65536 NEXT 1048576 MINEXTENTS 1 MAXEXTENTS 2147483645
  PCTINCREASE 0 FREELISTS 1 FREELIST GROUPS 1 BUFFER_POOL DEFAULT FLASH_CACHE DEFAULT CELL_FLASH_CACHE DEFAULT)
  TABLESPACE "USERS"  ENABLE;
--------------------------------------------------------
--  Constraints for Table PM_TIPOID
--------------------------------------------------------

  ALTER TABLE "CRM_EC"."PM_TIPOID" MODIFY ("COD_TIPOID" NOT NULL ENABLE);
  ALTER TABLE "CRM_EC"."PM_TIPOID" ADD CONSTRAINT "PM_TIPOID_PK" PRIMARY KEY ("COD_TIPOID")
  USING INDEX PCTFREE 10 INITRANS 2 MAXTRANS 255 COMPUTE STATISTICS 
  STORAGE(INITIAL 65536 NEXT 1048576 MINEXTENTS 1 MAXEXTENTS 2147483645
  PCTINCREASE 0 FREELISTS 1 FREELIST GROUPS 1 BUFFER_POOL DEFAULT FLASH_CACHE DEFAULT CELL_FLASH_CACHE DEFAULT)
  TABLESPACE "USERS"  ENABLE;
--------------------------------------------------------
--  Ref Constraints for Table MN_DATACRMOPC
--------------------------------------------------------

  ALTER TABLE "CRM_EC"."MN_DATACRMOPC" ADD CONSTRAINT "MN_DATACRMOPC_FK1" FOREIGN KEY ("COD_DATACRM")
	  REFERENCES "CRM_EC"."MN_DATACRM" ("COD_DATACRM") ENABLE;
--------------------------------------------------------
--  Ref Constraints for Table OP_CAMPANIA_MOV
--------------------------------------------------------

  ALTER TABLE "CRM_EC"."OP_CAMPANIA_MOV" ADD CONSTRAINT "OP_CAMPANIA_MOV_FK1" FOREIGN KEY ("COD_CAMPANIA")
	  REFERENCES "CRM_EC"."OP_CAMPANIA" ("COD_CAMPANIA") ENABLE;
--------------------------------------------------------
--  Ref Constraints for Table OP_CLIENTE
--------------------------------------------------------

  ALTER TABLE "CRM_EC"."OP_CLIENTE" ADD CONSTRAINT "OP_CLIENTE_FK1" FOREIGN KEY ("COD_TIPOCLIENTE")
	  REFERENCES "CRM_EC"."PM_TIPOCLIENTE" ("COD_TIPOCLIENTE") ENABLE;
--------------------------------------------------------
--  Ref Constraints for Table OP_CLIENTEANT
--------------------------------------------------------

  ALTER TABLE "CRM_EC"."OP_CLIENTEANT" ADD CONSTRAINT "OP_CLIENTEANT_FK1" FOREIGN KEY ("COD_CLIENTE")
	  REFERENCES "CRM_EC"."OP_CLIENTE" ("COD_CLIENTE") ENABLE;
--------------------------------------------------------
--  Ref Constraints for Table OP_CLIENTEMPRC
--------------------------------------------------------

  ALTER TABLE "CRM_EC"."OP_CLIENTEMPRC" ADD CONSTRAINT "OP_CLIENTEMPRC_FK1" FOREIGN KEY ("COD_CLIENTE")
	  REFERENCES "CRM_EC"."OP_CLIENTE" ("COD_CLIENTE") ENABLE;
--------------------------------------------------------
--  Ref Constraints for Table OP_DATACRM
--------------------------------------------------------

  ALTER TABLE "CRM_EC"."OP_DATACRM" ADD CONSTRAINT "OP_DATACRM_FK1" FOREIGN KEY ("COD_CLIENTE")
	  REFERENCES "CRM_EC"."OP_CLIENTE" ("COD_CLIENTE") ENABLE;
--------------------------------------------------------
--  DDL for Trigger TR_BI_OP_CLIENTE
--------------------------------------------------------

  CREATE OR REPLACE TRIGGER "CRM_EC"."TR_BI_OP_CLIENTE" 
  before insert on CRM_EC.OP_CLIENTE
  for each row
declare

begin
    SELECT SQ_OP_CLIENTE.NEXTVAL
      INTO :NEW.COD_CLIENTE
      FROM DUAL;
  
end TR_BI_OP_CLIENTE;
/
ALTER TRIGGER "CRM_EC"."TR_BI_OP_CLIENTE" ENABLE;
