USE [CRM_EC]
GO
SET IDENTITY_INSERT [dbo].[MN_DATACRM] ON 

INSERT [dbo].[MN_DATACRM] ([COD_DATACRM], [DES_DATACRM], [TIPO_DATACRM], [IND_ACTIVO], [IDREG], [FECHA], [AMBITO]) VALUES (1, N'Vivienda', 3, 1, 0, CAST(N'2013-09-06 00:00:00.000' AS DateTime), 0)
INSERT [dbo].[MN_DATACRM] ([COD_DATACRM], [DES_DATACRM], [TIPO_DATACRM], [IND_ACTIVO], [IDREG], [FECHA], [AMBITO]) VALUES (2, N'Vehiculo', 3, 1, 0, CAST(N'2013-09-06 00:00:00.000' AS DateTime), 0)
INSERT [dbo].[MN_DATACRM] ([COD_DATACRM], [DES_DATACRM], [TIPO_DATACRM], [IND_ACTIVO], [IDREG], [FECHA], [AMBITO]) VALUES (3, N'Deportes', 3, 1, 0, CAST(N'2013-09-06 00:00:00.000' AS DateTime), 0)
INSERT [dbo].[MN_DATACRM] ([COD_DATACRM], [DES_DATACRM], [TIPO_DATACRM], [IND_ACTIVO], [IDREG], [FECHA], [AMBITO]) VALUES (4, N'Numero de empleados', 3, 1, 0, CAST(N'2014-07-29 00:00:00.000' AS DateTime), 1)
SET IDENTITY_INSERT [dbo].[MN_DATACRM] OFF
SET IDENTITY_INSERT [dbo].[MN_DATACRMOPC] ON 

INSERT [dbo].[MN_DATACRMOPC] ([COD_DATACRMOPC], [COD_DATACRM], [DES_DATACRMOPC], [IDREG], [FECHA]) VALUES (1, 3, N'BASKETBALL', 0, CAST(N'2013-09-05 00:00:00.000' AS DateTime))
INSERT [dbo].[MN_DATACRMOPC] ([COD_DATACRMOPC], [COD_DATACRM], [DES_DATACRMOPC], [IDREG], [FECHA]) VALUES (2, 3, N'TENNIS', 0, CAST(N'2013-09-05 00:00:00.000' AS DateTime))
INSERT [dbo].[MN_DATACRMOPC] ([COD_DATACRMOPC], [COD_DATACRM], [DES_DATACRMOPC], [IDREG], [FECHA]) VALUES (3, 3, N'FOOTBALL', 0, CAST(N'2013-09-05 00:00:00.000' AS DateTime))
INSERT [dbo].[MN_DATACRMOPC] ([COD_DATACRMOPC], [COD_DATACRM], [DES_DATACRMOPC], [IDREG], [FECHA]) VALUES (4, 2, N'SI', 0, CAST(N'2013-09-05 00:00:00.000' AS DateTime))
INSERT [dbo].[MN_DATACRMOPC] ([COD_DATACRMOPC], [COD_DATACRM], [DES_DATACRMOPC], [IDREG], [FECHA]) VALUES (5, 2, N'NO', 0, CAST(N'2013-09-05 00:00:00.000' AS DateTime))
INSERT [dbo].[MN_DATACRMOPC] ([COD_DATACRMOPC], [COD_DATACRM], [DES_DATACRMOPC], [IDREG], [FECHA]) VALUES (6, 1, N'PROPIA', 0, CAST(N'2013-09-05 00:00:00.000' AS DateTime))
INSERT [dbo].[MN_DATACRMOPC] ([COD_DATACRMOPC], [COD_DATACRM], [DES_DATACRMOPC], [IDREG], [FECHA]) VALUES (7, 1, N'EN ARRIENDO', 0, CAST(N'2013-09-05 00:00:00.000' AS DateTime))
INSERT [dbo].[MN_DATACRMOPC] ([COD_DATACRMOPC], [COD_DATACRM], [DES_DATACRMOPC], [IDREG], [FECHA]) VALUES (8, 1, N'NO TIENE', 0, CAST(N'2013-09-05 00:00:00.000' AS DateTime))
INSERT [dbo].[MN_DATACRMOPC] ([COD_DATACRMOPC], [COD_DATACRM], [DES_DATACRMOPC], [IDREG], [FECHA]) VALUES (9, 3, N'NATACION', 0, CAST(N'2013-09-05 00:00:00.000' AS DateTime))
INSERT [dbo].[MN_DATACRMOPC] ([COD_DATACRMOPC], [COD_DATACRM], [DES_DATACRMOPC], [IDREG], [FECHA]) VALUES (10, 4, N'0-12', 0, CAST(N'2013-09-06 00:00:00.000' AS DateTime))
INSERT [dbo].[MN_DATACRMOPC] ([COD_DATACRMOPC], [COD_DATACRM], [DES_DATACRMOPC], [IDREG], [FECHA]) VALUES (11, 4, N'13-39', 0, CAST(N'2014-07-29 00:00:00.000' AS DateTime))
INSERT [dbo].[MN_DATACRMOPC] ([COD_DATACRMOPC], [COD_DATACRM], [DES_DATACRMOPC], [IDREG], [FECHA]) VALUES (12, 4, N'40-160', 0, CAST(N'2013-09-06 00:00:00.000' AS DateTime))
INSERT [dbo].[MN_DATACRMOPC] ([COD_DATACRMOPC], [COD_DATACRM], [DES_DATACRMOPC], [IDREG], [FECHA]) VALUES (13, 4, N'161-805', 0, CAST(N'2013-09-06 00:00:00.000' AS DateTime))
INSERT [dbo].[MN_DATACRMOPC] ([COD_DATACRMOPC], [COD_DATACRM], [DES_DATACRMOPC], [IDREG], [FECHA]) VALUES (14, 4, N'806-mas', 0, CAST(N'2013-09-06 00:00:00.000' AS DateTime))
SET IDENTITY_INSERT [dbo].[MN_DATACRMOPC] OFF
SET IDENTITY_INSERT [dbo].[MN_DEMOGRAF] ON 

INSERT [dbo].[MN_DEMOGRAF] ([COD_DEMOGRAF], [DES_DEMOGRAF], [IDREG], [FECHA]) VALUES (0, N'NO REGISTRA', 0, CAST(N'2013-11-04 00:00:00.000' AS DateTime))
INSERT [dbo].[MN_DEMOGRAF] ([COD_DEMOGRAF], [DES_DEMOGRAF], [IDREG], [FECHA]) VALUES (1, N'EDUCACION BASICA', 0, CAST(N'2013-08-27 00:00:00.000' AS DateTime))
INSERT [dbo].[MN_DEMOGRAF] ([COD_DEMOGRAF], [DES_DEMOGRAF], [IDREG], [FECHA]) VALUES (2, N'EDUCACION MEDIA', 0, CAST(N'2013-08-27 00:00:00.000' AS DateTime))
INSERT [dbo].[MN_DEMOGRAF] ([COD_DEMOGRAF], [DES_DEMOGRAF], [IDREG], [FECHA]) VALUES (3, N'TECNICO SUPERIOR', 0, CAST(N'2014-07-29 00:00:00.000' AS DateTime))
INSERT [dbo].[MN_DEMOGRAF] ([COD_DEMOGRAF], [DES_DEMOGRAF], [IDREG], [FECHA]) VALUES (4, N'UNIVERSITARIA', 0, CAST(N'2013-08-27 00:00:00.000' AS DateTime))
INSERT [dbo].[MN_DEMOGRAF] ([COD_DEMOGRAF], [DES_DEMOGRAF], [IDREG], [FECHA]) VALUES (5, N'SIN ESCOLARIDAD', 0, CAST(N'2013-08-27 00:00:00.000' AS DateTime))
SET IDENTITY_INSERT [dbo].[MN_DEMOGRAF] OFF
SET IDENTITY_INSERT [dbo].[MN_EST_TARJETA] ON 

INSERT [dbo].[MN_EST_TARJETA] ([COD_EST_TARJETA], [DES_EST_TARJETA], [IDREG], [FECHA], [COL_ESTADO], [CSF_ESTADO]) VALUES (1, N'Activa', 0, CAST(N'2013-09-05 00:00:00.000' AS DateTime), N'8A9B0F', N'color:#FFF;text-shadow: 0px -1px 0px rgba(0, 0, 0, 0.75);')
INSERT [dbo].[MN_EST_TARJETA] ([COD_EST_TARJETA], [DES_EST_TARJETA], [IDREG], [FECHA], [COL_ESTADO], [CSF_ESTADO]) VALUES (2, N'Bloqueada', 0, CAST(N'2014-07-29 00:00:00.000' AS DateTime), N'BD1550', N'color:#FFF;text-shadow: 0px -1px 0px rgba(0, 0, 0, 0.75);')
INSERT [dbo].[MN_EST_TARJETA] ([COD_EST_TARJETA], [DES_EST_TARJETA], [IDREG], [FECHA], [COL_ESTADO], [CSF_ESTADO]) VALUES (3, N'Extraviada', 0, CAST(N'2013-09-05 00:00:00.000' AS DateTime), N'F8CA00', N'color:#000;text-shadow: 0px 1px 0px rgba(255, 255, 255, 0.75);')
SET IDENTITY_INSERT [dbo].[MN_EST_TARJETA] OFF
SET IDENTITY_INSERT [dbo].[MN_ESTADO] ON 

INSERT [dbo].[MN_ESTADO] ([COD_ESTADO], [DES_ESTADO], [COL_ESTADO], [IDREG], [FECHA], [ABR_ESTADO], [CSF_ESTADO], [VAL_ESTADO]) VALUES (1, N'CUENTA EN REGISTRO', N'666   ', 0, CAST(N'2013-08-30 00:00:00.000' AS DateTime), N'REGISTRO', N'color:#FFF;text-shadow: 0px -1px 0px rgba(0, 0, 0, 0.75);', 0)
INSERT [dbo].[MN_ESTADO] ([COD_ESTADO], [DES_ESTADO], [COL_ESTADO], [IDREG], [FECHA], [ABR_ESTADO], [CSF_ESTADO], [VAL_ESTADO]) VALUES (2, N'CUENTA ACTIVA', N'8A9B0F', 0, CAST(N'2013-08-30 00:00:00.000' AS DateTime), N'ACTIVA', N'color:#FFF;text-shadow: 0px -1px 0px rgba(0, 0, 0, 0.75);', 1)
INSERT [dbo].[MN_ESTADO] ([COD_ESTADO], [DES_ESTADO], [COL_ESTADO], [IDREG], [FECHA], [ABR_ESTADO], [CSF_ESTADO], [VAL_ESTADO]) VALUES (3, N'CUENTA BLOQUEADA', N'BD1550', 0, CAST(N'2014-07-29 00:00:00.000' AS DateTime), N'BLOQUEADA', N'color:#FFF;text-shadow: 0px -1px 0px rgba(0, 0, 0, 0.75);', 2)
INSERT [dbo].[MN_ESTADO] ([COD_ESTADO], [DES_ESTADO], [COL_ESTADO], [IDREG], [FECHA], [ABR_ESTADO], [CSF_ESTADO], [VAL_ESTADO]) VALUES (4, N'ESTADO DISPONIBLE 3', N'E97F02', 0, CAST(N'2013-08-30 00:00:00.000' AS DateTime), N'DISP3', N'color:#FFF;text-shadow: 0px -1px 0px rgba(0, 0, 0, 0.75);', 3)
INSERT [dbo].[MN_ESTADO] ([COD_ESTADO], [DES_ESTADO], [COL_ESTADO], [IDREG], [FECHA], [ABR_ESTADO], [CSF_ESTADO], [VAL_ESTADO]) VALUES (5, N'ESTADO DISPONIBLE 4', N'490A3D', 0, CAST(N'2013-08-30 00:00:00.000' AS DateTime), N'DISP4', N'color:#FFF;text-shadow: 0px -1px 0px rgba(0, 0, 0, 0.75);', 4)
INSERT [dbo].[MN_ESTADO] ([COD_ESTADO], [DES_ESTADO], [COL_ESTADO], [IDREG], [FECHA], [ABR_ESTADO], [CSF_ESTADO], [VAL_ESTADO]) VALUES (6, N'ESTADO DISPONIBLE 5', N'F8CA00', 0, CAST(N'2013-08-30 00:00:00.000' AS DateTime), N'DISP5', N'color:#000;text-shadow: 0px 1px 0px rgba(255, 255, 255, 0.75);', 5)
INSERT [dbo].[MN_ESTADO] ([COD_ESTADO], [DES_ESTADO], [COL_ESTADO], [IDREG], [FECHA], [ABR_ESTADO], [CSF_ESTADO], [VAL_ESTADO]) VALUES (7, N'ESTADO DISPONIBLE 6', N'036564', 0, CAST(N'2013-08-30 00:00:00.000' AS DateTime), N'DISP6', N'color:#FFF;text-shadow: 0px -1px 0px rgba(0, 0, 0, 0.75);', 6)
INSERT [dbo].[MN_ESTADO] ([COD_ESTADO], [DES_ESTADO], [COL_ESTADO], [IDREG], [FECHA], [ABR_ESTADO], [CSF_ESTADO], [VAL_ESTADO]) VALUES (8, N'ESTADO DISPONIBLE 7', N'152B3C', 0, CAST(N'2013-08-30 00:00:00.000' AS DateTime), N'DISP7', N'color:#FFF;text-shadow: 0px -1px 0px rgba(0, 0, 0, 0.75);', 7)
SET IDENTITY_INSERT [dbo].[MN_ESTADO] OFF
SET IDENTITY_INSERT [dbo].[MN_INGRESO] ON 

INSERT [dbo].[MN_INGRESO] ([COD_INGRESO], [MIN_INGRESO], [MAX_INGRESO], [IDREG], [FECHA]) VALUES (0, 0, 0, 0, CAST(N'2013-11-04 00:00:00.000' AS DateTime))
INSERT [dbo].[MN_INGRESO] ([COD_INGRESO], [MIN_INGRESO], [MAX_INGRESO], [IDREG], [FECHA]) VALUES (1, 0, 5000, 0, CAST(N'2014-12-16 00:00:00.000' AS DateTime))
INSERT [dbo].[MN_INGRESO] ([COD_INGRESO], [MIN_INGRESO], [MAX_INGRESO], [IDREG], [FECHA]) VALUES (2, 5000, 10000, 0, CAST(N'2014-12-16 00:00:00.000' AS DateTime))
INSERT [dbo].[MN_INGRESO] ([COD_INGRESO], [MIN_INGRESO], [MAX_INGRESO], [IDREG], [FECHA]) VALUES (3, 10000, 20000, 0, CAST(N'2014-12-16 00:00:00.000' AS DateTime))
INSERT [dbo].[MN_INGRESO] ([COD_INGRESO], [MIN_INGRESO], [MAX_INGRESO], [IDREG], [FECHA]) VALUES (4, 20000, 40000, 0, CAST(N'2014-12-16 00:00:00.000' AS DateTime))
INSERT [dbo].[MN_INGRESO] ([COD_INGRESO], [MIN_INGRESO], [MAX_INGRESO], [IDREG], [FECHA]) VALUES (5, 40000, 60000, 0, CAST(N'2014-12-16 00:00:00.000' AS DateTime))
INSERT [dbo].[MN_INGRESO] ([COD_INGRESO], [MIN_INGRESO], [MAX_INGRESO], [IDREG], [FECHA]) VALUES (6, 60000, 100000, 0, CAST(N'2014-12-16 00:00:00.000' AS DateTime))
INSERT [dbo].[MN_INGRESO] ([COD_INGRESO], [MIN_INGRESO], [MAX_INGRESO], [IDREG], [FECHA]) VALUES (7, 100000, 150000, 0, CAST(N'2014-12-16 00:00:00.000' AS DateTime))
INSERT [dbo].[MN_INGRESO] ([COD_INGRESO], [MIN_INGRESO], [MAX_INGRESO], [IDREG], [FECHA]) VALUES (8, 150000, 300000, 0, CAST(N'2014-12-16 00:00:00.000' AS DateTime))
SET IDENTITY_INSERT [dbo].[MN_INGRESO] OFF
SET IDENTITY_INSERT [dbo].[MN_TIPO_TARJETA] ON 

INSERT [dbo].[MN_TIPO_TARJETA] ([COD_TIPO_TARJETA], [DES_TIPO_TARJETA], [IDREG], [FECHA]) VALUES (1, N'Titular', 0, CAST(N'2013-09-05 00:00:00.000' AS DateTime))
INSERT [dbo].[MN_TIPO_TARJETA] ([COD_TIPO_TARJETA], [DES_TIPO_TARJETA], [IDREG], [FECHA]) VALUES (2, N'Adicional', 0, CAST(N'2014-07-29 00:00:00.000' AS DateTime))
SET IDENTITY_INSERT [dbo].[MN_TIPO_TARJETA] OFF
SET IDENTITY_INSERT [dbo].[OP_MARCAPRC] ON 

INSERT [dbo].[OP_MARCAPRC] ([COD_MARCAPRC], [DES_MARCAPRC], [IDREG], [FECHA]) VALUES (1, N'Do not personalize trailer message', 0, CAST(N'2013-09-05 00:00:00.000' AS DateTime))
INSERT [dbo].[OP_MARCAPRC] ([COD_MARCAPRC], [DES_MARCAPRC], [IDREG], [FECHA]) VALUES (2, N'Do not collect panel data', 0, CAST(N'2013-09-05 00:00:00.000' AS DateTime))
INSERT [dbo].[OP_MARCAPRC] ([COD_MARCAPRC], [DES_MARCAPRC], [IDREG], [FECHA]) VALUES (4, N'Do not give automatic coupons', 0, CAST(N'2013-09-05 00:00:00.000' AS DateTime))
INSERT [dbo].[OP_MARCAPRC] ([COD_MARCAPRC], [DES_MARCAPRC], [IDREG], [FECHA]) VALUES (8, N'Do not give enrolled customer points', 0, CAST(N'2013-09-05 00:00:00.000' AS DateTime))
INSERT [dbo].[OP_MARCAPRC] ([COD_MARCAPRC], [DES_MARCAPRC], [IDREG], [FECHA]) VALUES (10, N'Transfer data is available', 0, CAST(N'2013-09-05 00:00:00.000' AS DateTime))
INSERT [dbo].[OP_MARCAPRC] ([COD_MARCAPRC], [DES_MARCAPRC], [IDREG], [FECHA]) VALUES (20, N'Use alternate ID as alias ID', 0, CAST(N'2014-07-29 00:00:00.000' AS DateTime))
INSERT [dbo].[OP_MARCAPRC] ([COD_MARCAPRC], [DES_MARCAPRC], [IDREG], [FECHA]) VALUES (40, N'Do not update non-home-store record', 0, CAST(N'2013-09-05 00:00:00.000' AS DateTime))
INSERT [dbo].[OP_MARCAPRC] ([COD_MARCAPRC], [DES_MARCAPRC], [IDREG], [FECHA]) VALUES (80, N'Do not give preferred discounts', 0, CAST(N'2013-09-05 00:00:00.000' AS DateTime))
SET IDENTITY_INSERT [dbo].[OP_MARCAPRC] OFF
SET IDENTITY_INSERT [dbo].[PM_TIPOCLIENTE] ON 

INSERT [dbo].[PM_TIPOCLIENTE] ([COD_TIPOCLIENTE], [DES_TIPOCLIENTE], [IDREG], [FECHA]) VALUES (1, N'AFILIADO', 0, CAST(N'2013-08-27 00:00:00.000' AS DateTime))
INSERT [dbo].[PM_TIPOCLIENTE] ([COD_TIPOCLIENTE], [DES_TIPOCLIENTE], [IDREG], [FECHA]) VALUES (2, N'BENEFICIARIO', 0, CAST(N'2014-07-29 00:00:00.000' AS DateTime))
INSERT [dbo].[PM_TIPOCLIENTE] ([COD_TIPOCLIENTE], [DES_TIPOCLIENTE], [IDREG], [FECHA]) VALUES (3, N'NO AFILIADO', 0, CAST(N'2013-08-27 00:00:00.000' AS DateTime))
SET IDENTITY_INSERT [dbo].[PM_TIPOCLIENTE] OFF
SET IDENTITY_INSERT [dbo].[PM_TIPOID] ON 

INSERT [dbo].[PM_TIPOID] ([COD_TIPOID], [TIPO_PERSONA], [DES_TIPOID], [IDREG], [FECHA]) VALUES (1, 0, N'CEDULA DE CIUDADANIA', 0, CAST(N'2013-08-29 00:00:00.000' AS DateTime))
INSERT [dbo].[PM_TIPOID] ([COD_TIPOID], [TIPO_PERSONA], [DES_TIPOID], [IDREG], [FECHA]) VALUES (2, 0, N'CEDULA EXTRANJERIA', 0, CAST(N'2014-07-29 00:00:00.000' AS DateTime))
INSERT [dbo].[PM_TIPOID] ([COD_TIPOID], [TIPO_PERSONA], [DES_TIPOID], [IDREG], [FECHA]) VALUES (3, 1, N'NIT', 0, CAST(N'2013-08-27 00:00:00.000' AS DateTime))
SET IDENTITY_INSERT [dbo].[PM_TIPOID] OFF
;