USE [OPERAC_EC]
GO
SET IDENTITY_INSERT [dbo].[OP_INDICAT] ON 

INSERT [dbo].[OP_INDICAT] ([ID_INDICAT], [DESCRIP_ES], [DESCRIP_EN], [IDREG], [FECHA], [INDICAT], [RESERVADO]) VALUES (0, N'Procedimientos de Terminal', N'Terminal Procedures', 0, CAST(N'2015-01-09 00:00:00.000' AS DateTime), 0, 0)
INSERT [dbo].[OP_INDICAT] ([ID_INDICAT], [DESCRIP_ES], [DESCRIP_EN], [IDREG], [FECHA], [INDICAT], [RESERVADO]) VALUES (1, N'Funciones de Terminal', N'Terminal Functions', 0, CAST(N'2013-10-24 00:00:00.000' AS DateTime), 1, 0)
INSERT [dbo].[OP_INDICAT] ([ID_INDICAT], [DESCRIP_ES], [DESCRIP_EN], [IDREG], [FECHA], [INDICAT], [RESERVADO]) VALUES (2, N'Operaciones', N'Operations', 0, CAST(N'2013-10-22 00:00:00.000' AS DateTime), 2, 0)
INSERT [dbo].[OP_INDICAT] ([ID_INDICAT], [DESCRIP_ES], [DESCRIP_EN], [IDREG], [FECHA], [INDICAT], [RESERVADO]) VALUES (3, N'Soporte Contable', N'Accounting Support', 0, CAST(N'2013-10-25 00:00:00.000' AS DateTime), 3, 0)
INSERT [dbo].[OP_INDICAT] ([ID_INDICAT], [DESCRIP_ES], [DESCRIP_EN], [IDREG], [FECHA], [INDICAT], [RESERVADO]) VALUES (4, N'Informes de Control A', N'Control Reports A', 0, CAST(N'2013-10-22 00:00:00.000' AS DateTime), 4, 0)
INSERT [dbo].[OP_INDICAT] ([ID_INDICAT], [DESCRIP_ES], [DESCRIP_EN], [IDREG], [FECHA], [INDICAT], [RESERVADO]) VALUES (5, N'Informes de Control B', N'Control Reports B', 0, CAST(N'2013-10-22 00:00:00.000' AS DateTime), 5, 0)
INSERT [dbo].[OP_INDICAT] ([ID_INDICAT], [DESCRIP_ES], [DESCRIP_EN], [IDREG], [FECHA], [INDICAT], [RESERVADO]) VALUES (6, N'Informes de Control C', N'Control Reports C', 0, CAST(N'2013-10-22 00:00:00.000' AS DateTime), 6, 0)
INSERT [dbo].[OP_INDICAT] ([ID_INDICAT], [DESCRIP_ES], [DESCRIP_EN], [IDREG], [FECHA], [INDICAT], [RESERVADO]) VALUES (7, N'Informes de Usuario', N'User Reports', 0, CAST(N'2013-10-22 00:00:00.000' AS DateTime), 7, 0)
INSERT [dbo].[OP_INDICAT] ([ID_INDICAT], [DESCRIP_ES], [DESCRIP_EN], [IDREG], [FECHA], [INDICAT], [RESERVADO]) VALUES (8, N'Mantenimiento de Datos Diferido A', N'Delayed Data Maintenance A', 0, CAST(N'2013-10-29 00:00:00.000' AS DateTime), 8, 0)
INSERT [dbo].[OP_INDICAT] ([ID_INDICAT], [DESCRIP_ES], [DESCRIP_EN], [IDREG], [FECHA], [INDICAT], [RESERVADO]) VALUES (9, N'Mantenimiento de Datos Diferido B', N'Delayed Data Maintenance B', 0, CAST(N'2014-07-29 00:00:00.000' AS DateTime), 9, 0)
INSERT [dbo].[OP_INDICAT] ([ID_INDICAT], [DESCRIP_ES], [DESCRIP_EN], [IDREG], [FECHA], [INDICAT], [RESERVADO]) VALUES (10, N'Mantenimiento de Control de Datos: Registro de Datos de Articulos', N'Control  Data Maintenance: Item Record Data', 0, CAST(N'2013-10-29 00:00:00.000' AS DateTime), 10, 0)
INSERT [dbo].[OP_INDICAT] ([ID_INDICAT], [DESCRIP_ES], [DESCRIP_EN], [IDREG], [FECHA], [INDICAT], [RESERVADO]) VALUES (11, N'Datos de Autorizacion de Operador', N'Operator Authorization Data', 0, CAST(N'2013-10-29 00:00:00.000' AS DateTime), 11, 0)
INSERT [dbo].[OP_INDICAT] ([ID_INDICAT], [DESCRIP_ES], [DESCRIP_EN], [IDREG], [FECHA], [INDICAT], [RESERVADO]) VALUES (12, N'Lista de Opciones de Autorizacion', N'Options Authorization Lists', 0, CAST(N'2013-10-29 00:00:00.000' AS DateTime), 12, 0)
INSERT [dbo].[OP_INDICAT] ([ID_INDICAT], [DESCRIP_ES], [DESCRIP_EN], [IDREG], [FECHA], [INDICAT], [RESERVADO]) VALUES (13, N'Listado de Informes', N'Report List', 0, CAST(N'2013-10-29 00:00:00.000' AS DateTime), 13, 0)
INSERT [dbo].[OP_INDICAT] ([ID_INDICAT], [DESCRIP_ES], [DESCRIP_EN], [IDREG], [FECHA], [INDICAT], [RESERVADO]) VALUES (14, N'Personalizacion', N'Personalization', 0, CAST(N'2013-10-22 00:00:00.000' AS DateTime), 14, 0)
INSERT [dbo].[OP_INDICAT] ([ID_INDICAT], [DESCRIP_ES], [DESCRIP_EN], [IDREG], [FECHA], [INDICAT], [RESERVADO]) VALUES (15, N'Procedimientos de Usuario', N'User Procedures', 0, CAST(N'2013-10-22 00:00:00.000' AS DateTime), 15, 0)
INSERT [dbo].[OP_INDICAT] ([ID_INDICAT], [DESCRIP_ES], [DESCRIP_EN], [IDREG], [FECHA], [INDICAT], [RESERVADO]) VALUES (16, N'Diario Electronico', N'Electronic Journal', 0, CAST(N'2013-10-30 00:00:00.000' AS DateTime), 16, 0)
INSERT [dbo].[OP_INDICAT] ([ID_INDICAT], [DESCRIP_ES], [DESCRIP_EN], [IDREG], [FECHA], [INDICAT], [RESERVADO]) VALUES (17, N'Mantenimiento de Control de Datos: Verificacion de datos de Pagos', N'Control  Data Maintenance: Tender Verification Data', 0, CAST(N'2013-10-29 00:00:00.000' AS DateTime), 10, 0)
INSERT [dbo].[OP_INDICAT] ([ID_INDICAT], [DESCRIP_ES], [DESCRIP_EN], [IDREG], [FECHA], [INDICAT], [RESERVADO]) VALUES (18, N'Lista de Movimiento de Articulos', N'Item Movement Lists', 0, CAST(N'2013-10-29 00:00:00.000' AS DateTime), 11, 0)
INSERT [dbo].[OP_INDICAT] ([ID_INDICAT], [DESCRIP_ES], [DESCRIP_EN], [IDREG], [FECHA], [INDICAT], [RESERVADO]) VALUES (19, N'Mensajes Gerenciales', N'Managers Messages', 0, CAST(N'2013-10-29 00:00:00.000' AS DateTime), 12, 0)
INSERT [dbo].[OP_INDICAT] ([ID_INDICAT], [DESCRIP_ES], [DESCRIP_EN], [IDREG], [FECHA], [INDICAT], [RESERVADO]) VALUES (20, N'Reservado', N'Reserved', 0, CAST(N'2013-10-25 00:00:00.000' AS DateTime), 13, 1)
SET IDENTITY_INSERT [dbo].[OP_INDICAT] OFF
SET IDENTITY_INSERT [dbo].[OP_INDICATOPC] ON 

INSERT [dbo].[OP_INDICATOPC] ([ID_INDICATOPC], [ID_INDICAT], [DESCRIP_ES], [DESCRIP_EN], [IDREG], [FECHA], [BITPOS], [RESERVADO], [POSICION]) VALUES (1, 0, N'No Ventas de Usuario 2', N'User Non-sales 2 allowed', 0, CAST(N'2013-10-29 00:00:00.000' AS DateTime), 0, 0, 15)
INSERT [dbo].[OP_INDICATOPC] ([ID_INDICATOPC], [ID_INDICAT], [DESCRIP_ES], [DESCRIP_EN], [IDREG], [FECHA], [BITPOS], [RESERVADO], [POSICION]) VALUES (2, 0, N'No Ventas de Usuario 1', N'User Non-sales 1 allowed', 0, CAST(N'2013-10-29 00:00:00.000' AS DateTime), 1, 0, 14)
INSERT [dbo].[OP_INDICATOPC] ([ID_INDICATOPC], [ID_INDICAT], [DESCRIP_ES], [DESCRIP_EN], [IDREG], [FECHA], [BITPOS], [RESERVADO], [POSICION]) VALUES (3, 0, N'Reporte de Totales por Departamento', N'Department Totals Report allowed', 0, CAST(N'2013-10-29 00:00:00.000' AS DateTime), 2, 0, 13)
INSERT [dbo].[OP_INDICATOPC] ([ID_INDICATOPC], [ID_INDICAT], [DESCRIP_ES], [DESCRIP_EN], [IDREG], [FECHA], [BITPOS], [RESERVADO], [POSICION]) VALUES (4, 0, N'Transaccion WIC', N'WIC Transaction allowed', 0, CAST(N'2013-10-29 00:00:00.000' AS DateTime), 3, 0, 12)
INSERT [dbo].[OP_INDICATOPC] ([ID_INDICATOPC], [ID_INDICAT], [DESCRIP_ES], [DESCRIP_EN], [IDREG], [FECHA], [BITPOS], [RESERVADO], [POSICION]) VALUES (5, 0, N'Devolucion de Articulo', N'Return item allowed', 0, CAST(N'2013-10-29 00:00:00.000' AS DateTime), 4, 0, 11)
INSERT [dbo].[OP_INDICATOPC] ([ID_INDICATOPC], [ID_INDICAT], [DESCRIP_ES], [DESCRIP_EN], [IDREG], [FECHA], [BITPOS], [RESERVADO], [POSICION]) VALUES (6, 0, N'Arqueo de caja', N'Tender count allowed', 0, CAST(N'2013-10-29 00:00:00.000' AS DateTime), 5, 0, 10)
INSERT [dbo].[OP_INDICATOPC] ([ID_INDICATOPC], [ID_INDICAT], [DESCRIP_ES], [DESCRIP_EN], [IDREG], [FECHA], [BITPOS], [RESERVADO], [POSICION]) VALUES (7, 0, N'Monitoreo de Terminal', N'Terminal Monitor allowed', 0, CAST(N'2013-10-29 00:00:00.000' AS DateTime), 6, 0, 9)
INSERT [dbo].[OP_INDICATOPC] ([ID_INDICATOPC], [ID_INDICAT], [DESCRIP_ES], [DESCRIP_EN], [IDREG], [FECHA], [BITPOS], [RESERVADO], [POSICION]) VALUES (8, 0, N'Transferencia de Terminal', N'Terminal transfer allowed', 0, CAST(N'2013-10-29 00:00:00.000' AS DateTime), 7, 0, 8)
INSERT [dbo].[OP_INDICATOPC] ([ID_INDICATOPC], [ID_INDICAT], [DESCRIP_ES], [DESCRIP_EN], [IDREG], [FECHA], [BITPOS], [RESERVADO], [POSICION]) VALUES (9, 0, N'Modo Entrenamiento Operador', N'Operator training allowed', 0, CAST(N'2013-10-24 00:00:00.000' AS DateTime), 8, 0, 16)
INSERT [dbo].[OP_INDICATOPC] ([ID_INDICATOPC], [ID_INDICAT], [DESCRIP_ES], [DESCRIP_EN], [IDREG], [FECHA], [BITPOS], [RESERVADO], [POSICION]) VALUES (10, 0, N'Verificacion de Precio', N'Price verification allowed', 0, CAST(N'2013-10-29 00:00:00.000' AS DateTime), 9, 0, 7)
INSERT [dbo].[OP_INDICATOPC] ([ID_INDICATOPC], [ID_INDICAT], [DESCRIP_ES], [DESCRIP_EN], [IDREG], [FECHA], [BITPOS], [RESERVADO], [POSICION]) VALUES (11, 0, N'Listado de Medios de Pago', N'Tender Listing Allowed', 0, CAST(N'2013-10-29 00:00:00.000' AS DateTime), 10, 0, 6)
INSERT [dbo].[OP_INDICATOPC] ([ID_INDICATOPC], [ID_INDICAT], [DESCRIP_ES], [DESCRIP_EN], [IDREG], [FECHA], [BITPOS], [RESERVADO], [POSICION]) VALUES (12, 0, N'Transaccion de Retirada', N'Pickup transaction allowed', 0, CAST(N'2013-10-29 00:00:00.000' AS DateTime), 11, 0, 5)
INSERT [dbo].[OP_INDICATOPC] ([ID_INDICATOPC], [ID_INDICAT], [DESCRIP_ES], [DESCRIP_EN], [IDREG], [FECHA], [BITPOS], [RESERVADO], [POSICION]) VALUES (13, 0, N'Transaccion de Dotacion', N'Loan transaction allowed', 0, CAST(N'2013-10-29 00:00:00.000' AS DateTime), 12, 0, 4)
INSERT [dbo].[OP_INDICATOPC] ([ID_INDICATOPC], [ID_INDICAT], [DESCRIP_ES], [DESCRIP_EN], [IDREG], [FECHA], [BITPOS], [RESERVADO], [POSICION]) VALUES (14, 0, N'Cambio de forma de pago', N'Tender exchange allowed', 0, CAST(N'2013-10-29 00:00:00.000' AS DateTime), 13, 0, 3)
INSERT [dbo].[OP_INDICATOPC] ([ID_INDICATOPC], [ID_INDICAT], [DESCRIP_ES], [DESCRIP_EN], [IDREG], [FECHA], [BITPOS], [RESERVADO], [POSICION]) VALUES (15, 0, N'Pago en efectivo', N'Tender cashing allowed', 0, CAST(N'2013-10-29 00:00:00.000' AS DateTime), 14, 0, 2)
INSERT [dbo].[OP_INDICATOPC] ([ID_INDICATOPC], [ID_INDICAT], [DESCRIP_ES], [DESCRIP_EN], [IDREG], [FECHA], [BITPOS], [RESERVADO], [POSICION]) VALUES (16, 0, N'Transacion de ventas', N'Checkout transactions allowed', 0, CAST(N'2015-01-09 00:00:00.000' AS DateTime), 15, 0, 1)
INSERT [dbo].[OP_INDICATOPC] ([ID_INDICATOPC], [ID_INDICAT], [DESCRIP_ES], [DESCRIP_EN], [IDREG], [FECHA], [BITPOS], [RESERVADO], [POSICION]) VALUES (17, 1, N'Efectivo en Cajas Permitido', N'Front End Cashier allowed', 0, CAST(N'2013-10-29 00:00:00.000' AS DateTime), 0, 0, 11)
INSERT [dbo].[OP_INDICATOPC] ([ID_INDICATOPC], [ID_INDICAT], [DESCRIP_ES], [DESCRIP_EN], [IDREG], [FECHA], [BITPOS], [RESERVADO], [POSICION]) VALUES (18, 1, N'Permitir Recaudaciones', N'Services allowed', 0, CAST(N'2013-10-29 00:00:00.000' AS DateTime), 1, 0, 10)
INSERT [dbo].[OP_INDICATOPC] ([ID_INDICATOPC], [ID_INDICAT], [DESCRIP_ES], [DESCRIP_EN], [IDREG], [FECHA], [BITPOS], [RESERVADO], [POSICION]) VALUES (19, 1, N'Reimpresion de recibo de pagos Permitido', N'Reprint Tender Receipt allowed', 0, CAST(N'2013-10-29 00:00:00.000' AS DateTime), 2, 0, 12)
INSERT [dbo].[OP_INDICATOPC] ([ID_INDICATOPC], [ID_INDICAT], [DESCRIP_ES], [DESCRIP_EN], [IDREG], [FECHA], [BITPOS], [RESERVADO], [POSICION]) VALUES (20, 1, N'Procedimientos de Gerencia Permitidos', N'Managers Procedures allowed', 0, CAST(N'2013-10-29 00:00:00.000' AS DateTime), 3, 0, 13)
INSERT [dbo].[OP_INDICATOPC] ([ID_INDICATOPC], [ID_INDICAT], [DESCRIP_ES], [DESCRIP_EN], [IDREG], [FECHA], [BITPOS], [RESERVADO], [POSICION]) VALUES (21, 1, N'Verificacion de Precio en No Venta Permitido', N'No-sale price verify allowed', 0, CAST(N'2013-10-29 00:00:00.000' AS DateTime), 4, 0, 9)
INSERT [dbo].[OP_INDICATOPC] ([ID_INDICATOPC], [ID_INDICAT], [DESCRIP_ES], [DESCRIP_EN], [IDREG], [FECHA], [BITPOS], [RESERVADO], [POSICION]) VALUES (22, 1, N'Mas de Verificacion de Precio en No Venta Permitido', N'More than price verify allowed', 0, CAST(N'2013-10-29 00:00:00.000' AS DateTime), 5, 0, 14)
INSERT [dbo].[OP_INDICATOPC] ([ID_INDICATOPC], [ID_INDICAT], [DESCRIP_ES], [DESCRIP_EN], [IDREG], [FECHA], [BITPOS], [RESERVADO], [POSICION]) VALUES (23, 1, N'Cambios Diferidos  de I.R. Permitido', N'Delayed I.R. changes allowed', 0, CAST(N'2013-10-29 00:00:00.000' AS DateTime), 6, 0, 15)
INSERT [dbo].[OP_INDICATOPC] ([ID_INDICATOPC], [ID_INDICAT], [DESCRIP_ES], [DESCRIP_EN], [IDREG], [FECHA], [BITPOS], [RESERVADO], [POSICION]) VALUES (24, 1, N'Cambios Inmediatos de I.R. Permitidos', N'Inmediate I.R. changes allowed', 0, CAST(N'2013-10-29 00:00:00.000' AS DateTime), 7, 0, 16)
INSERT [dbo].[OP_INDICATOPC] ([ID_INDICATOPC], [ID_INDICAT], [DESCRIP_ES], [DESCRIP_EN], [IDREG], [FECHA], [BITPOS], [RESERVADO], [POSICION]) VALUES (25, 1, N'Gastos de Articulos Varios Permitido', N'Misc. item payouts allowed', 0, CAST(N'2013-10-29 00:00:00.000' AS DateTime), 8, 0, 8)
INSERT [dbo].[OP_INDICATOPC] ([ID_INDICATOPC], [ID_INDICAT], [DESCRIP_ES], [DESCRIP_EN], [IDREG], [FECHA], [BITPOS], [RESERVADO], [POSICION]) VALUES (26, 1, N'Descuentos Permitido', N'Discounts allowed', 0, CAST(N'2013-10-29 00:00:00.000' AS DateTime), 9, 0, 7)
INSERT [dbo].[OP_INDICATOPC] ([ID_INDICATOPC], [ID_INDICAT], [DESCRIP_ES], [DESCRIP_EN], [IDREG], [FECHA], [BITPOS], [RESERVADO], [POSICION]) VALUES (27, 1, N'Permitir Reembolsos', N'Refunds allowed', 0, CAST(N'2013-10-29 00:00:00.000' AS DateTime), 10, 0, 6)
INSERT [dbo].[OP_INDICATOPC] ([ID_INDICATOPC], [ID_INDICAT], [DESCRIP_ES], [DESCRIP_EN], [IDREG], [FECHA], [BITPOS], [RESERVADO], [POSICION]) VALUES (28, 1, N'Reporte de Gaveta de No Venta Permitido', N'No-sale till report allowed', 0, CAST(N'2013-10-29 00:00:00.000' AS DateTime), 11, 0, 5)
INSERT [dbo].[OP_INDICATOPC] ([ID_INDICATOPC], [ID_INDICAT], [DESCRIP_ES], [DESCRIP_EN], [IDREG], [FECHA], [BITPOS], [RESERVADO], [POSICION]) VALUES (29, 1, N'Verifcacion de forma de Pago para No Ventas Permitido', N'No-sale tender verify allowed', 0, CAST(N'2013-10-29 00:00:00.000' AS DateTime), 12, 0, 4)
INSERT [dbo].[OP_INDICATOPC] ([ID_INDICATOPC], [ID_INDICAT], [DESCRIP_ES], [DESCRIP_EN], [IDREG], [FECHA], [BITPOS], [RESERVADO], [POSICION]) VALUES (30, 1, N'Cambio de Gaveta en No Ventas Permitido', N'No-sale till exchange allowed', 0, CAST(N'2013-10-29 00:00:00.000' AS DateTime), 13, 0, 3)
INSERT [dbo].[OP_INDICATOPC] ([ID_INDICATOPC], [ID_INDICAT], [DESCRIP_ES], [DESCRIP_EN], [IDREG], [FECHA], [BITPOS], [RESERVADO], [POSICION]) VALUES (31, 1, N'Extraccion de Pagos en No Venta Permitido', N'No-sale tender removal allowed', 0, CAST(N'2013-10-29 00:00:00.000' AS DateTime), 14, 0, 2)
INSERT [dbo].[OP_INDICATOPC] ([ID_INDICATOPC], [ID_INDICAT], [DESCRIP_ES], [DESCRIP_EN], [IDREG], [FECHA], [BITPOS], [RESERVADO], [POSICION]) VALUES (32, 1, N'Apertura de Gaveta en No Ventas Permitido', N'No-sale open cash drawer allowed', 0, CAST(N'2013-10-29 00:00:00.000' AS DateTime), 15, 0, 1)
INSERT [dbo].[OP_INDICATOPC] ([ID_INDICATOPC], [ID_INDICAT], [DESCRIP_ES], [DESCRIP_EN], [IDREG], [FECHA], [BITPOS], [RESERVADO], [POSICION]) VALUES (33, 2, N'Procedimientos de Usuario', N'User Procedures', 0, CAST(N'2013-10-29 00:00:00.000' AS DateTime), 0, 0, 7)
INSERT [dbo].[OP_INDICATOPC] ([ID_INDICATOPC], [ID_INDICAT], [DESCRIP_ES], [DESCRIP_EN], [IDREG], [FECHA], [BITPOS], [RESERVADO], [POSICION]) VALUES (34, 2, N'Monitoreo de Terminal', N'Terminal Monitor', 0, CAST(N'2013-10-29 00:00:00.000' AS DateTime), 1, 0, 6)
INSERT [dbo].[OP_INDICATOPC] ([ID_INDICATOPC], [ID_INDICAT], [DESCRIP_ES], [DESCRIP_EN], [IDREG], [FECHA], [BITPOS], [RESERVADO], [POSICION]) VALUES (35, 2, N'Personalizacion', N'Application Personalization', 0, CAST(N'2013-10-29 00:00:00.000' AS DateTime), 2, 0, 5)
INSERT [dbo].[OP_INDICATOPC] ([ID_INDICATOPC], [ID_INDICAT], [DESCRIP_ES], [DESCRIP_EN], [IDREG], [FECHA], [BITPOS], [RESERVADO], [POSICION]) VALUES (36, 2, N'Impresion de Etiquetas', N'Shelf Label Print', 0, CAST(N'2013-10-29 00:00:00.000' AS DateTime), 3, 0, 8)
INSERT [dbo].[OP_INDICATOPC] ([ID_INDICATOPC], [ID_INDICAT], [DESCRIP_ES], [DESCRIP_EN], [IDREG], [FECHA], [BITPOS], [RESERVADO], [POSICION]) VALUES (37, 2, N'Mantenimiento de Datos', N'Data Maintenance', 0, CAST(N'2013-10-29 00:00:00.000' AS DateTime), 4, 0, 4)
INSERT [dbo].[OP_INDICATOPC] ([ID_INDICATOPC], [ID_INDICAT], [DESCRIP_ES], [DESCRIP_EN], [IDREG], [FECHA], [BITPOS], [RESERVADO], [POSICION]) VALUES (38, 2, N'Mantenimiento de Datos por lotes', N'Delayed Maintenance Facilty', 0, CAST(N'2013-10-29 00:00:00.000' AS DateTime), 5, 0, 3)
INSERT [dbo].[OP_INDICATOPC] ([ID_INDICATOPC], [ID_INDICAT], [DESCRIP_ES], [DESCRIP_EN], [IDREG], [FECHA], [BITPOS], [RESERVADO], [POSICION]) VALUES (39, 2, N'Reportes', N'Reports', 0, CAST(N'2013-10-29 00:00:00.000' AS DateTime), 6, 0, 2)
INSERT [dbo].[OP_INDICATOPC] ([ID_INDICATOPC], [ID_INDICAT], [DESCRIP_ES], [DESCRIP_EN], [IDREG], [FECHA], [BITPOS], [RESERVADO], [POSICION]) VALUES (40, 2, N'Soporte Contable', N'Accounting Support', 0, CAST(N'2013-10-29 00:00:00.000' AS DateTime), 7, 0, 1)
INSERT [dbo].[OP_INDICATOPC] ([ID_INDICATOPC], [ID_INDICAT], [DESCRIP_ES], [DESCRIP_EN], [IDREG], [FECHA], [BITPOS], [RESERVADO], [POSICION]) VALUES (41, 3, N'Iniciar / Detener EPS', N'Start/ Stop EPS', 0, CAST(N'2013-10-30 00:00:00.000' AS DateTime), 0, 0, 8)
INSERT [dbo].[OP_INDICATOPC] ([ID_INDICATOPC], [ID_INDICAT], [DESCRIP_ES], [DESCRIP_EN], [IDREG], [FECHA], [BITPOS], [RESERVADO], [POSICION]) VALUES (42, 3, N'Informe de Totales de Cierre', N'Close Reporting Totals', 0, CAST(N'2013-10-30 00:00:00.000' AS DateTime), 1, 0, 6)
INSERT [dbo].[OP_INDICATOPC] ([ID_INDICATOPC], [ID_INDICAT], [DESCRIP_ES], [DESCRIP_EN], [IDREG], [FECHA], [BITPOS], [RESERVADO], [POSICION]) VALUES (43, 3, N'Registro de Transacciones de Varios', N'Record Misc. Transactions', 0, CAST(N'2013-10-30 00:00:00.000' AS DateTime), 2, 0, 7)
INSERT [dbo].[OP_INDICATOPC] ([ID_INDICATOPC], [ID_INDICAT], [DESCRIP_ES], [DESCRIP_EN], [IDREG], [FECHA], [BITPOS], [RESERVADO], [POSICION]) VALUES (44, 3, N'Oficina para Suma y Sigue de Pagos', N'Carry Forward Office Tender', 0, CAST(N'2013-10-30 00:00:00.000' AS DateTime), 3, 0, 5)
INSERT [dbo].[OP_INDICATOPC] ([ID_INDICATOPC], [ID_INDICAT], [DESCRIP_ES], [DESCRIP_EN], [IDREG], [FECHA], [BITPOS], [RESERVADO], [POSICION]) VALUES (45, 3, N'Transferencia de Medios de Pago', N'Transfer Tender', 0, CAST(N'2013-10-29 00:00:00.000' AS DateTime), 4, 0, 4)
INSERT [dbo].[OP_INDICATOPC] ([ID_INDICATOPC], [ID_INDICAT], [DESCRIP_ES], [DESCRIP_EN], [IDREG], [FECHA], [BITPOS], [RESERVADO], [POSICION]) VALUES (46, 3, N'Conteo de Medios de Pago', N'Tender Count', 0, CAST(N'2013-10-29 00:00:00.000' AS DateTime), 5, 0, 3)
INSERT [dbo].[OP_INDICATOPC] ([ID_INDICATOPC], [ID_INDICAT], [DESCRIP_ES], [DESCRIP_EN], [IDREG], [FECHA], [BITPOS], [RESERVADO], [POSICION]) VALUES (47, 3, N'Retiradas', N'Pickups', 0, CAST(N'2013-10-29 00:00:00.000' AS DateTime), 6, 0, 2)
INSERT [dbo].[OP_INDICATOPC] ([ID_INDICATOPC], [ID_INDICAT], [DESCRIP_ES], [DESCRIP_EN], [IDREG], [FECHA], [BITPOS], [RESERVADO], [POSICION]) VALUES (48, 3, N'Dotaciones', N'Loans', 0, CAST(N'2013-10-29 00:00:00.000' AS DateTime), 7, 0, 1)
INSERT [dbo].[OP_INDICATOPC] ([ID_INDICATOPC], [ID_INDICAT], [DESCRIP_ES], [DESCRIP_EN], [IDREG], [FECHA], [BITPOS], [RESERVADO], [POSICION]) VALUES (49, 4, N'Informe de Listado de Medio de Pago', N'Tender Listing Report', 0, CAST(N'2013-10-29 00:00:00.000' AS DateTime), 0, 0, 5)
INSERT [dbo].[OP_INDICATOPC] ([ID_INDICATOPC], [ID_INDICAT], [DESCRIP_ES], [DESCRIP_EN], [IDREG], [FECHA], [BITPOS], [RESERVADO], [POSICION]) VALUES (50, 4, N'Informe de la Posicion de la Gaveta', N'Cash Drawer Position Report', 0, CAST(N'2013-10-29 00:00:00.000' AS DateTime), 1, 0, 6)
INSERT [dbo].[OP_INDICATOPC] ([ID_INDICATOPC], [ID_INDICAT], [DESCRIP_ES], [DESCRIP_EN], [IDREG], [FECHA], [BITPOS], [RESERVADO], [POSICION]) VALUES (51, 4, N'Informe de Faltantes y Sobrantes', N'Over/Short Report', 0, CAST(N'2013-10-29 00:00:00.000' AS DateTime), 2, 0, 4)
INSERT [dbo].[OP_INDICATOPC] ([ID_INDICATOPC], [ID_INDICAT], [DESCRIP_ES], [DESCRIP_EN], [IDREG], [FECHA], [BITPOS], [RESERVADO], [POSICION]) VALUES (52, 4, N'Informe de Rendimiento de Operador', N'Operator Performance Report', 0, CAST(N'2013-10-29 00:00:00.000' AS DateTime), 3, 0, 3)
INSERT [dbo].[OP_INDICATOPC] ([ID_INDICATOPC], [ID_INDICAT], [DESCRIP_ES], [DESCRIP_EN], [IDREG], [FECHA], [BITPOS], [RESERVADO], [POSICION]) VALUES (53, 4, N'Informe de Recapitulacion de Totales de Tienda', N'Store Totals Recap Report', 0, CAST(N'2013-10-29 00:00:00.000' AS DateTime), 4, 0, 7)
INSERT [dbo].[OP_INDICATOPC] ([ID_INDICATOPC], [ID_INDICAT], [DESCRIP_ES], [DESCRIP_EN], [IDREG], [FECHA], [BITPOS], [RESERVADO], [POSICION]) VALUES (54, 4, N'Informe de Ventas de Operador', N'Operator Sales Report', 0, CAST(N'2013-10-29 00:00:00.000' AS DateTime), 5, 0, 8)
INSERT [dbo].[OP_INDICATOPC] ([ID_INDICATOPC], [ID_INDICAT], [DESCRIP_ES], [DESCRIP_EN], [IDREG], [FECHA], [BITPOS], [RESERVADO], [POSICION]) VALUES (55, 4, N'Operador/Terminal/Inform efect oficina', N'Oper/Term/Office Cash Report', 0, CAST(N'2013-10-29 00:00:00.000' AS DateTime), 6, 0, 2)
INSERT [dbo].[OP_INDICATOPC] ([ID_INDICATOPC], [ID_INDICAT], [DESCRIP_ES], [DESCRIP_EN], [IDREG], [FECHA], [BITPOS], [RESERVADO], [POSICION]) VALUES (56, 4, N'Inf automaticos', N'Automatic Report Procedure', 0, CAST(N'2013-10-29 00:00:00.000' AS DateTime), 7, 0, 1)
INSERT [dbo].[OP_INDICATOPC] ([ID_INDICATOPC], [ID_INDICAT], [DESCRIP_ES], [DESCRIP_EN], [IDREG], [FECHA], [BITPOS], [RESERVADO], [POSICION]) VALUES (57, 5, N'Informes de Usuario', N'User Reports', 0, CAST(N'2013-10-30 00:00:00.000' AS DateTime), 0, 0, 8)
INSERT [dbo].[OP_INDICATOPC] ([ID_INDICATOPC], [ID_INDICAT], [DESCRIP_ES], [DESCRIP_EN], [IDREG], [FECHA], [BITPOS], [RESERVADO], [POSICION]) VALUES (58, 5, N'Informe de Impresiones Archivadas', N'Print Filed Reports', 0, CAST(N'2013-10-30 00:00:00.000' AS DateTime), 1, 0, 7)
INSERT [dbo].[OP_INDICATOPC] ([ID_INDICATOPC], [ID_INDICAT], [DESCRIP_ES], [DESCRIP_EN], [IDREG], [FECHA], [BITPOS], [RESERVADO], [POSICION]) VALUES (59, 5, N'Informe de Estado del Sistema', N'System Status Report', 0, CAST(N'2013-10-30 00:00:00.000' AS DateTime), 2, 0, 6)
INSERT [dbo].[OP_INDICATOPC] ([ID_INDICATOPC], [ID_INDICAT], [DESCRIP_ES], [DESCRIP_EN], [IDREG], [FECHA], [BITPOS], [RESERVADO], [POSICION]) VALUES (60, 5, N'Informe de Autorizaciones de Operador', N'Operator Authorization Report', 0, CAST(N'2013-10-30 00:00:00.000' AS DateTime), 3, 0, 4)
INSERT [dbo].[OP_INDICATOPC] ([ID_INDICATOPC], [ID_INDICAT], [DESCRIP_ES], [DESCRIP_EN], [IDREG], [FECHA], [BITPOS], [RESERVADO], [POSICION]) VALUES (61, 5, N'Informe de Productividad por Terminal', N'Terminal Productivity Report', 0, CAST(N'2013-10-30 00:00:00.000' AS DateTime), 4, 0, 3)
INSERT [dbo].[OP_INDICATOPC] ([ID_INDICATOPC], [ID_INDICAT], [DESCRIP_ES], [DESCRIP_EN], [IDREG], [FECHA], [BITPOS], [RESERVADO], [POSICION]) VALUES (62, 5, N'Informe de Recapitulacion de Transacciones de Varios', N'Misc. Transaction Recap Report', 0, CAST(N'2013-10-30 00:00:00.000' AS DateTime), 5, 0, 5)
INSERT [dbo].[OP_INDICATOPC] ([ID_INDICATOPC], [ID_INDICAT], [DESCRIP_ES], [DESCRIP_EN], [IDREG], [FECHA], [BITPOS], [RESERVADO], [POSICION]) VALUES (63, 5, N'Informe de Movimiento de Articulos', N'Item Movement Report', 0, CAST(N'2013-10-30 00:00:00.000' AS DateTime), 6, 0, 2)
INSERT [dbo].[OP_INDICATOPC] ([ID_INDICATOPC], [ID_INDICAT], [DESCRIP_ES], [DESCRIP_EN], [IDREG], [FECHA], [BITPOS], [RESERVADO], [POSICION]) VALUES (64, 5, N'Informe de Totales por Departamento', N'Departament Totals Report', 0, CAST(N'2013-10-30 00:00:00.000' AS DateTime), 7, 0, 1)
INSERT [dbo].[OP_INDICATOPC] ([ID_INDICATOPC], [ID_INDICAT], [DESCRIP_ES], [DESCRIP_EN], [IDREG], [FECHA], [BITPOS], [RESERVADO], [POSICION]) VALUES (65, 6, N'Informe de Excepcion de Clientes', N'Customer Exception Report', 0, CAST(N'2013-10-30 00:00:00.000' AS DateTime), 0, 0, 6)
INSERT [dbo].[OP_INDICATOPC] ([ID_INDICATOPC], [ID_INDICAT], [DESCRIP_ES], [DESCRIP_EN], [IDREG], [FECHA], [BITPOS], [RESERVADO], [POSICION]) VALUES (66, 6, N'Informe de Auditoria de Clientes', N'Customer Audit Report', 0, CAST(N'2013-10-30 00:00:00.000' AS DateTime), 1, 0, 7)
INSERT [dbo].[OP_INDICATOPC] ([ID_INDICATOPC], [ID_INDICAT], [DESCRIP_ES], [DESCRIP_EN], [IDREG], [FECHA], [BITPOS], [RESERVADO], [POSICION]) VALUES (67, 6, N'Informe de Excepcion de Ventas de Articulos', N'Item Sales Exception Report', 0, CAST(N'2013-10-30 00:00:00.000' AS DateTime), 2, 0, 5)
INSERT [dbo].[OP_INDICATOPC] ([ID_INDICATOPC], [ID_INDICAT], [DESCRIP_ES], [DESCRIP_EN], [IDREG], [FECHA], [BITPOS], [RESERVADO], [POSICION]) VALUES (68, 6, N'Informe de Ventas Negativas', N'Negative Sales Report', 0, CAST(N'2013-10-30 00:00:00.000' AS DateTime), 3, 0, 8)
INSERT [dbo].[OP_INDICATOPC] ([ID_INDICATOPC], [ID_INDICAT], [DESCRIP_ES], [DESCRIP_EN], [IDREG], [FECHA], [BITPOS], [RESERVADO], [POSICION]) VALUES (69, 6, N'Informe de Log de Transacciones', N'Transaction Log Report', 0, CAST(N'2013-10-30 00:00:00.000' AS DateTime), 4, 0, 2)
INSERT [dbo].[OP_INDICATOPC] ([ID_INDICATOPC], [ID_INDICAT], [DESCRIP_ES], [DESCRIP_EN], [IDREG], [FECHA], [BITPOS], [RESERVADO], [POSICION]) VALUES (70, 6, N'Informe de Log de Excepciones', N'Exception Log Report', 0, CAST(N'2013-10-30 00:00:00.000' AS DateTime), 5, 0, 1)
INSERT [dbo].[OP_INDICATOPC] ([ID_INDICATOPC], [ID_INDICAT], [DESCRIP_ES], [DESCRIP_EN], [IDREG], [FECHA], [BITPOS], [RESERVADO], [POSICION]) VALUES (71, 6, N'Reiniciar Movimiento de Articulos', N'Reset Item Movement', 0, CAST(N'2013-10-30 00:00:00.000' AS DateTime), 6, 0, 4)
INSERT [dbo].[OP_INDICATOPC] ([ID_INDICATOPC], [ID_INDICAT], [DESCRIP_ES], [DESCRIP_EN], [IDREG], [FECHA], [BITPOS], [RESERVADO], [POSICION]) VALUES (72, 6, N'Informe de Seguimiento de Auditoria Gerencial', N'Managers Audit Trail Report', 0, CAST(N'2013-10-30 00:00:00.000' AS DateTime), 7, 0, 3)
INSERT [dbo].[OP_INDICATOPC] ([ID_INDICATOPC], [ID_INDICAT], [DESCRIP_ES], [DESCRIP_EN], [IDREG], [FECHA], [BITPOS], [RESERVADO], [POSICION]) VALUES (73, 7, N'Reporte de Usuario 8', N'User Report 8', 0, CAST(N'2013-10-29 00:00:00.000' AS DateTime), 0, 0, 8)
INSERT [dbo].[OP_INDICATOPC] ([ID_INDICATOPC], [ID_INDICAT], [DESCRIP_ES], [DESCRIP_EN], [IDREG], [FECHA], [BITPOS], [RESERVADO], [POSICION]) VALUES (74, 7, N'Reporte de Usuario 7', N'User Report 7', 0, CAST(N'2013-10-29 00:00:00.000' AS DateTime), 1, 0, 7)
INSERT [dbo].[OP_INDICATOPC] ([ID_INDICATOPC], [ID_INDICAT], [DESCRIP_ES], [DESCRIP_EN], [IDREG], [FECHA], [BITPOS], [RESERVADO], [POSICION]) VALUES (75, 7, N'Reporte de Usuario 6', N'User Report 6', 0, CAST(N'2013-10-29 00:00:00.000' AS DateTime), 2, 0, 6)
INSERT [dbo].[OP_INDICATOPC] ([ID_INDICATOPC], [ID_INDICAT], [DESCRIP_ES], [DESCRIP_EN], [IDREG], [FECHA], [BITPOS], [RESERVADO], [POSICION]) VALUES (76, 7, N'Reporte de Usuario 5', N'User Report 5', 0, CAST(N'2013-10-29 00:00:00.000' AS DateTime), 3, 0, 5)
INSERT [dbo].[OP_INDICATOPC] ([ID_INDICATOPC], [ID_INDICAT], [DESCRIP_ES], [DESCRIP_EN], [IDREG], [FECHA], [BITPOS], [RESERVADO], [POSICION]) VALUES (77, 7, N'Reporte de Usuario 4', N'User Report 4', 0, CAST(N'2013-10-29 00:00:00.000' AS DateTime), 4, 0, 4)
INSERT [dbo].[OP_INDICATOPC] ([ID_INDICATOPC], [ID_INDICAT], [DESCRIP_ES], [DESCRIP_EN], [IDREG], [FECHA], [BITPOS], [RESERVADO], [POSICION]) VALUES (78, 7, N'Reporte de Usuario 3', N'User Report 3', 0, CAST(N'2013-10-29 00:00:00.000' AS DateTime), 5, 0, 3)
INSERT [dbo].[OP_INDICATOPC] ([ID_INDICATOPC], [ID_INDICAT], [DESCRIP_ES], [DESCRIP_EN], [IDREG], [FECHA], [BITPOS], [RESERVADO], [POSICION]) VALUES (79, 7, N'Reporte de Usuario 2', N'User Report 2', 0, CAST(N'2013-10-29 00:00:00.000' AS DateTime), 6, 0, 2)
INSERT [dbo].[OP_INDICATOPC] ([ID_INDICATOPC], [ID_INDICAT], [DESCRIP_ES], [DESCRIP_EN], [IDREG], [FECHA], [BITPOS], [RESERVADO], [POSICION]) VALUES (80, 7, N'Reporte de Usuario 1', N'User Report 1', 0, CAST(N'2013-10-29 00:00:00.000' AS DateTime), 7, 0, 1)
INSERT [dbo].[OP_INDICATOPC] ([ID_INDICATOPC], [ID_INDICAT], [DESCRIP_ES], [DESCRIP_EN], [IDREG], [FECHA], [BITPOS], [RESERVADO], [POSICION]) VALUES (81, 8, N'Reiniciar Log de Errores de DDM', N'Reset DDM Error Log', 0, CAST(N'2013-10-29 00:00:00.000' AS DateTime), 0, 0, 5)
INSERT [dbo].[OP_INDICATOPC] ([ID_INDICATOPC], [ID_INDICAT], [DESCRIP_ES], [DESCRIP_EN], [IDREG], [FECHA], [BITPOS], [RESERVADO], [POSICION]) VALUES (82, 8, N'Mostrar Controles de Procesos por Lotes', N'Display Batch Controls', 0, CAST(N'2013-10-29 00:00:00.000' AS DateTime), 1, 0, 2)
INSERT [dbo].[OP_INDICATOPC] ([ID_INDICATOPC], [ID_INDICAT], [DESCRIP_ES], [DESCRIP_EN], [IDREG], [FECHA], [BITPOS], [RESERVADO], [POSICION]) VALUES (83, 8, N'Crear Controles de Procesos por Lotes', N'Create Batch Controls', 0, CAST(N'2013-10-29 00:00:00.000' AS DateTime), 2, 0, 3)
INSERT [dbo].[OP_INDICATOPC] ([ID_INDICATOPC], [ID_INDICAT], [DESCRIP_ES], [DESCRIP_EN], [IDREG], [FECHA], [BITPOS], [RESERVADO], [POSICION]) VALUES (84, 8, N'Reservado', N'Reserved', 0, CAST(N'2013-10-29 00:00:00.000' AS DateTime), 3, 1, 0)
INSERT [dbo].[OP_INDICATOPC] ([ID_INDICATOPC], [ID_INDICAT], [DESCRIP_ES], [DESCRIP_EN], [IDREG], [FECHA], [BITPOS], [RESERVADO], [POSICION]) VALUES (85, 8, N'Reservado', N'Reserved', 0, CAST(N'2013-10-29 00:00:00.000' AS DateTime), 4, 1, 0)
INSERT [dbo].[OP_INDICATOPC] ([ID_INDICATOPC], [ID_INDICAT], [DESCRIP_ES], [DESCRIP_EN], [IDREG], [FECHA], [BITPOS], [RESERVADO], [POSICION]) VALUES (86, 8, N'Reporte de Log de Errores de DDM', N'Report DDM Error Log', 0, CAST(N'2013-10-29 00:00:00.000' AS DateTime), 5, 0, 4)
INSERT [dbo].[OP_INDICATOPC] ([ID_INDICATOPC], [ID_INDICAT], [DESCRIP_ES], [DESCRIP_EN], [IDREG], [FECHA], [BITPOS], [RESERVADO], [POSICION]) VALUES (87, 8, N'Reservado', N'Reserved', 0, CAST(N'2013-10-29 00:00:00.000' AS DateTime), 6, 1, 0)
INSERT [dbo].[OP_INDICATOPC] ([ID_INDICATOPC], [ID_INDICAT], [DESCRIP_ES], [DESCRIP_EN], [IDREG], [FECHA], [BITPOS], [RESERVADO], [POSICION]) VALUES (88, 8, N'Aplicar Procesos por Lotes', N'Apply Batches', 0, CAST(N'2013-10-29 00:00:00.000' AS DateTime), 7, 0, 1)
INSERT [dbo].[OP_INDICATOPC] ([ID_INDICATOPC], [ID_INDICAT], [DESCRIP_ES], [DESCRIP_EN], [IDREG], [FECHA], [BITPOS], [RESERVADO], [POSICION]) VALUES (89, 9, N'Reportes de SUREPOS ACE EPS', N'SUREPOS ACE EPS Reports', 0, CAST(N'2013-10-29 00:00:00.000' AS DateTime), 0, 0, 8)
INSERT [dbo].[OP_INDICATOPC] ([ID_INDICATOPC], [ID_INDICAT], [DESCRIP_ES], [DESCRIP_EN], [IDREG], [FECHA], [BITPOS], [RESERVADO], [POSICION]) VALUES (90, 9, N'Aniadir / Borrar Entradas de Datos por Lotes', N'Add / Erase Batch Data Entries', 0, CAST(N'2013-10-29 00:00:00.000' AS DateTime), 1, 0, 5)
INSERT [dbo].[OP_INDICATOPC] ([ID_INDICATOPC], [ID_INDICAT], [DESCRIP_ES], [DESCRIP_EN], [IDREG], [FECHA], [BITPOS], [RESERVADO], [POSICION]) VALUES (91, 9, N'Modificar Entradas de Datos por Lotes', N'Modify Batch Data Entries', 0, CAST(N'2013-10-29 00:00:00.000' AS DateTime), 2, 0, 4)
INSERT [dbo].[OP_INDICATOPC] ([ID_INDICATOPC], [ID_INDICAT], [DESCRIP_ES], [DESCRIP_EN], [IDREG], [FECHA], [BITPOS], [RESERVADO], [POSICION]) VALUES (92, 9, N'Mostrar / Imprimir Entradas de Datos por Lotes', N'Display / Print Batch Data Entries', 0, CAST(N'2013-10-29 00:00:00.000' AS DateTime), 3, 0, 3)
INSERT [dbo].[OP_INDICATOPC] ([ID_INDICATOPC], [ID_INDICAT], [DESCRIP_ES], [DESCRIP_EN], [IDREG], [FECHA], [BITPOS], [RESERVADO], [POSICION]) VALUES (93, 9, N'Modificar Controles por Lotes', N'Modify Batch Controls', 0, CAST(N'2013-10-29 00:00:00.000' AS DateTime), 4, 0, 1)
INSERT [dbo].[OP_INDICATOPC] ([ID_INDICATOPC], [ID_INDICAT], [DESCRIP_ES], [DESCRIP_EN], [IDREG], [FECHA], [BITPOS], [RESERVADO], [POSICION]) VALUES (94, 9, N'Borrar Controles por Lotes', N'Erase Batch Controls', 0, CAST(N'2013-10-29 00:00:00.000' AS DateTime), 5, 0, 2)
INSERT [dbo].[OP_INDICATOPC] ([ID_INDICATOPC], [ID_INDICAT], [DESCRIP_ES], [DESCRIP_EN], [IDREG], [FECHA], [BITPOS], [RESERVADO], [POSICION]) VALUES (95, 9, N'Mostrar / Borrar Mensajes de Servidor', N'Display / Erase Host Messages', 0, CAST(N'2013-10-29 00:00:00.000' AS DateTime), 6, 0, 6)
INSERT [dbo].[OP_INDICATOPC] ([ID_INDICATOPC], [ID_INDICAT], [DESCRIP_ES], [DESCRIP_EN], [IDREG], [FECHA], [BITPOS], [RESERVADO], [POSICION]) VALUES (96, 9, N'Configurar Bandera de Precio Requerido', N'Set Price Required Flag', 0, CAST(N'2014-07-29 00:00:00.000' AS DateTime), 7, 0, 7)
INSERT [dbo].[OP_INDICATOPC] ([ID_INDICATOPC], [ID_INDICAT], [DESCRIP_ES], [DESCRIP_EN], [IDREG], [FECHA], [BITPOS], [RESERVADO], [POSICION]) VALUES (97, 17, N'Limite de Cupones', N'Coupon Limit', 0, CAST(N'2013-10-29 00:00:00.000' AS DateTime), 0, 0, 4)
INSERT [dbo].[OP_INDICATOPC] ([ID_INDICATOPC], [ID_INDICAT], [DESCRIP_ES], [DESCRIP_EN], [IDREG], [FECHA], [BITPOS], [RESERVADO], [POSICION]) VALUES (98, 17, N'Mostrar/Imprimir', N'Display/print', 0, CAST(N'2013-10-29 00:00:00.000' AS DateTime), 1, 0, 3)
INSERT [dbo].[OP_INDICATOPC] ([ID_INDICATOPC], [ID_INDICAT], [DESCRIP_ES], [DESCRIP_EN], [IDREG], [FECHA], [BITPOS], [RESERVADO], [POSICION]) VALUES (99, 17, N'Borrar', N'Delete', 0, CAST(N'2013-10-29 00:00:00.000' AS DateTime), 2, 0, 2)
GO
INSERT [dbo].[OP_INDICATOPC] ([ID_INDICATOPC], [ID_INDICAT], [DESCRIP_ES], [DESCRIP_EN], [IDREG], [FECHA], [BITPOS], [RESERVADO], [POSICION]) VALUES (100, 17, N'Aniadir/Modificar', N'Add/Change', 0, CAST(N'2013-10-29 00:00:00.000' AS DateTime), 3, 0, 1)
INSERT [dbo].[OP_INDICATOPC] ([ID_INDICATOPC], [ID_INDICAT], [DESCRIP_ES], [DESCRIP_EN], [IDREG], [FECHA], [BITPOS], [RESERVADO], [POSICION]) VALUES (101, 10, N'Cambio de Precio de Articulo', N'Change item price', 0, CAST(N'2013-10-29 00:00:00.000' AS DateTime), 4, 0, 4)
INSERT [dbo].[OP_INDICATOPC] ([ID_INDICATOPC], [ID_INDICAT], [DESCRIP_ES], [DESCRIP_EN], [IDREG], [FECHA], [BITPOS], [RESERVADO], [POSICION]) VALUES (102, 10, N'Mostrar/Imprimir', N'Display/print', 0, CAST(N'2013-10-29 00:00:00.000' AS DateTime), 5, 0, 3)
INSERT [dbo].[OP_INDICATOPC] ([ID_INDICATOPC], [ID_INDICAT], [DESCRIP_ES], [DESCRIP_EN], [IDREG], [FECHA], [BITPOS], [RESERVADO], [POSICION]) VALUES (103, 10, N'Borrar', N'Delete', 0, CAST(N'2013-10-29 00:00:00.000' AS DateTime), 6, 0, 2)
INSERT [dbo].[OP_INDICATOPC] ([ID_INDICATOPC], [ID_INDICAT], [DESCRIP_ES], [DESCRIP_EN], [IDREG], [FECHA], [BITPOS], [RESERVADO], [POSICION]) VALUES (104, 10, N'Aniadir/Modificar', N'Add/Change', 0, CAST(N'2013-10-29 00:00:00.000' AS DateTime), 7, 0, 1)
INSERT [dbo].[OP_INDICATOPC] ([ID_INDICATOPC], [ID_INDICAT], [DESCRIP_ES], [DESCRIP_EN], [IDREG], [FECHA], [BITPOS], [RESERVADO], [POSICION]) VALUES (105, 18, N'Mantenimiento de Cupon', N'Coupon Maintenance', 0, CAST(N'2013-10-29 00:00:00.000' AS DateTime), 0, 0, 4)
INSERT [dbo].[OP_INDICATOPC] ([ID_INDICATOPC], [ID_INDICAT], [DESCRIP_ES], [DESCRIP_EN], [IDREG], [FECHA], [BITPOS], [RESERVADO], [POSICION]) VALUES (106, 18, N'Mostrar/Imprimir', N'Display/print', 0, CAST(N'2013-10-29 00:00:00.000' AS DateTime), 1, 0, 3)
INSERT [dbo].[OP_INDICATOPC] ([ID_INDICATOPC], [ID_INDICAT], [DESCRIP_ES], [DESCRIP_EN], [IDREG], [FECHA], [BITPOS], [RESERVADO], [POSICION]) VALUES (107, 18, N'Borrar', N'Delete', 0, CAST(N'2013-10-29 00:00:00.000' AS DateTime), 2, 0, 2)
INSERT [dbo].[OP_INDICATOPC] ([ID_INDICATOPC], [ID_INDICAT], [DESCRIP_ES], [DESCRIP_EN], [IDREG], [FECHA], [BITPOS], [RESERVADO], [POSICION]) VALUES (108, 19, N'Aniadir/Modificar', N'Add/change', 0, CAST(N'2013-10-29 00:00:00.000' AS DateTime), 3, 0, 1)
INSERT [dbo].[OP_INDICATOPC] ([ID_INDICATOPC], [ID_INDICAT], [DESCRIP_ES], [DESCRIP_EN], [IDREG], [FECHA], [BITPOS], [RESERVADO], [POSICION]) VALUES (109, 11, N'Mantenimiento de Cliente', N'Customer Maintenance', 0, CAST(N'2013-10-29 00:00:00.000' AS DateTime), 4, 0, 4)
INSERT [dbo].[OP_INDICATOPC] ([ID_INDICATOPC], [ID_INDICAT], [DESCRIP_ES], [DESCRIP_EN], [IDREG], [FECHA], [BITPOS], [RESERVADO], [POSICION]) VALUES (110, 11, N'Mostrar/Imprimir', N'Display/print', 0, CAST(N'2013-10-29 00:00:00.000' AS DateTime), 5, 0, 3)
INSERT [dbo].[OP_INDICATOPC] ([ID_INDICATOPC], [ID_INDICAT], [DESCRIP_ES], [DESCRIP_EN], [IDREG], [FECHA], [BITPOS], [RESERVADO], [POSICION]) VALUES (111, 11, N'Borrar', N'Delete', 0, CAST(N'2013-10-29 00:00:00.000' AS DateTime), 6, 0, 2)
INSERT [dbo].[OP_INDICATOPC] ([ID_INDICATOPC], [ID_INDICAT], [DESCRIP_ES], [DESCRIP_EN], [IDREG], [FECHA], [BITPOS], [RESERVADO], [POSICION]) VALUES (112, 11, N'Aniadir/Modificar', N'Add/change', 0, CAST(N'2013-10-29 00:00:00.000' AS DateTime), 7, 0, 1)
INSERT [dbo].[OP_INDICATOPC] ([ID_INDICATOPC], [ID_INDICAT], [DESCRIP_ES], [DESCRIP_EN], [IDREG], [FECHA], [BITPOS], [RESERVADO], [POSICION]) VALUES (113, 19, N'Teclado Matricial', N'Matrix Keyboard', 0, CAST(N'2013-10-29 00:00:00.000' AS DateTime), 0, 0, 4)
INSERT [dbo].[OP_INDICATOPC] ([ID_INDICATOPC], [ID_INDICAT], [DESCRIP_ES], [DESCRIP_EN], [IDREG], [FECHA], [BITPOS], [RESERVADO], [POSICION]) VALUES (114, 19, N'Mostrar/Imprimir', N'Display/print', 0, CAST(N'2013-10-29 00:00:00.000' AS DateTime), 1, 0, 3)
INSERT [dbo].[OP_INDICATOPC] ([ID_INDICATOPC], [ID_INDICAT], [DESCRIP_ES], [DESCRIP_EN], [IDREG], [FECHA], [BITPOS], [RESERVADO], [POSICION]) VALUES (115, 19, N'Borrar', N'Delete', 0, CAST(N'2013-10-29 00:00:00.000' AS DateTime), 2, 0, 2)
INSERT [dbo].[OP_INDICATOPC] ([ID_INDICATOPC], [ID_INDICAT], [DESCRIP_ES], [DESCRIP_EN], [IDREG], [FECHA], [BITPOS], [RESERVADO], [POSICION]) VALUES (116, 18, N'Aniadir/Modificar', N'Add/change', 0, CAST(N'2013-10-29 00:00:00.000' AS DateTime), 3, 0, 1)
INSERT [dbo].[OP_INDICATOPC] ([ID_INDICATOPC], [ID_INDICAT], [DESCRIP_ES], [DESCRIP_EN], [IDREG], [FECHA], [BITPOS], [RESERVADO], [POSICION]) VALUES (117, 12, N'Mantenimiento de Contabilidad de Ventas Varios', N'Misc. Account Maintenance', 0, CAST(N'2013-10-29 00:00:00.000' AS DateTime), 4, 0, 4)
INSERT [dbo].[OP_INDICATOPC] ([ID_INDICATOPC], [ID_INDICAT], [DESCRIP_ES], [DESCRIP_EN], [IDREG], [FECHA], [BITPOS], [RESERVADO], [POSICION]) VALUES (118, 12, N'Mostrar/Imprimir', N'Display/print', 0, CAST(N'2013-10-29 00:00:00.000' AS DateTime), 5, 0, 3)
INSERT [dbo].[OP_INDICATOPC] ([ID_INDICATOPC], [ID_INDICAT], [DESCRIP_ES], [DESCRIP_EN], [IDREG], [FECHA], [BITPOS], [RESERVADO], [POSICION]) VALUES (119, 12, N'Borrar', N'Delete', 0, CAST(N'2013-10-29 00:00:00.000' AS DateTime), 6, 0, 2)
INSERT [dbo].[OP_INDICATOPC] ([ID_INDICATOPC], [ID_INDICAT], [DESCRIP_ES], [DESCRIP_EN], [IDREG], [FECHA], [BITPOS], [RESERVADO], [POSICION]) VALUES (120, 12, N'Aniadir/Modificar', N'Add/change', 0, CAST(N'2013-10-29 00:00:00.000' AS DateTime), 7, 0, 1)
INSERT [dbo].[OP_INDICATOPC] ([ID_INDICATOPC], [ID_INDICAT], [DESCRIP_ES], [DESCRIP_EN], [IDREG], [FECHA], [BITPOS], [RESERVADO], [POSICION]) VALUES (121, 20, N'Reservado', N'Reserved', 0, CAST(N'2013-10-29 00:00:00.000' AS DateTime), 0, 1, 0)
INSERT [dbo].[OP_INDICATOPC] ([ID_INDICATOPC], [ID_INDICAT], [DESCRIP_ES], [DESCRIP_EN], [IDREG], [FECHA], [BITPOS], [RESERVADO], [POSICION]) VALUES (122, 20, N'Reservado', N'Reserved', 0, CAST(N'2013-10-29 00:00:00.000' AS DateTime), 1, 1, 0)
INSERT [dbo].[OP_INDICATOPC] ([ID_INDICATOPC], [ID_INDICAT], [DESCRIP_ES], [DESCRIP_EN], [IDREG], [FECHA], [BITPOS], [RESERVADO], [POSICION]) VALUES (123, 20, N'Reservado', N'Reserved', 0, CAST(N'2013-10-29 00:00:00.000' AS DateTime), 2, 1, 0)
INSERT [dbo].[OP_INDICATOPC] ([ID_INDICATOPC], [ID_INDICAT], [DESCRIP_ES], [DESCRIP_EN], [IDREG], [FECHA], [BITPOS], [RESERVADO], [POSICION]) VALUES (124, 20, N'Reservado', N'Reserved', 0, CAST(N'2013-10-29 00:00:00.000' AS DateTime), 3, 1, 0)
INSERT [dbo].[OP_INDICATOPC] ([ID_INDICATOPC], [ID_INDICAT], [DESCRIP_ES], [DESCRIP_EN], [IDREG], [FECHA], [BITPOS], [RESERVADO], [POSICION]) VALUES (125, 20, N'Reservado', N'Reserved', 0, CAST(N'2013-10-29 00:00:00.000' AS DateTime), 4, 1, 0)
INSERT [dbo].[OP_INDICATOPC] ([ID_INDICATOPC], [ID_INDICAT], [DESCRIP_ES], [DESCRIP_EN], [IDREG], [FECHA], [BITPOS], [RESERVADO], [POSICION]) VALUES (126, 20, N'Reservado', N'Reserved', 0, CAST(N'2013-10-29 00:00:00.000' AS DateTime), 5, 1, 0)
INSERT [dbo].[OP_INDICATOPC] ([ID_INDICATOPC], [ID_INDICAT], [DESCRIP_ES], [DESCRIP_EN], [IDREG], [FECHA], [BITPOS], [RESERVADO], [POSICION]) VALUES (127, 20, N'Reservado', N'Reserved', 0, CAST(N'2013-10-29 00:00:00.000' AS DateTime), 6, 1, 0)
INSERT [dbo].[OP_INDICATOPC] ([ID_INDICATOPC], [ID_INDICAT], [DESCRIP_ES], [DESCRIP_EN], [IDREG], [FECHA], [BITPOS], [RESERVADO], [POSICION]) VALUES (128, 13, N'Listado de Informes Permitido', N'Report list allowed', 0, CAST(N'2013-10-29 00:00:00.000' AS DateTime), 7, 0, 1)
INSERT [dbo].[OP_INDICATOPC] ([ID_INDICATOPC], [ID_INDICAT], [DESCRIP_ES], [DESCRIP_EN], [IDREG], [FECHA], [BITPOS], [RESERVADO], [POSICION]) VALUES (129, 14, N'Reservado', N'Reserved', 0, CAST(N'2013-10-30 00:00:00.000' AS DateTime), 0, 1, 0)
INSERT [dbo].[OP_INDICATOPC] ([ID_INDICATOPC], [ID_INDICAT], [DESCRIP_ES], [DESCRIP_EN], [IDREG], [FECHA], [BITPOS], [RESERVADO], [POSICION]) VALUES (130, 14, N'Reservado', N'Reserved', 0, CAST(N'2013-10-30 00:00:00.000' AS DateTime), 1, 1, 0)
INSERT [dbo].[OP_INDICATOPC] ([ID_INDICATOPC], [ID_INDICAT], [DESCRIP_ES], [DESCRIP_EN], [IDREG], [FECHA], [BITPOS], [RESERVADO], [POSICION]) VALUES (131, 14, N'Bandera para Encriptacion de Clave', N'Password Encrypted flag', 0, CAST(N'2013-10-30 00:00:00.000' AS DateTime), 2, 0, 6)
INSERT [dbo].[OP_INDICATOPC] ([ID_INDICATOPC], [ID_INDICAT], [DESCRIP_ES], [DESCRIP_EN], [IDREG], [FECHA], [BITPOS], [RESERVADO], [POSICION]) VALUES (132, 14, N'Personalizar Procedimientos de Usuario', N'Personalize User Procedures', 0, CAST(N'2013-10-30 00:00:00.000' AS DateTime), 3, 0, 5)
INSERT [dbo].[OP_INDICATOPC] ([ID_INDICATOPC], [ID_INDICAT], [DESCRIP_ES], [DESCRIP_EN], [IDREG], [FECHA], [BITPOS], [RESERVADO], [POSICION]) VALUES (133, 14, N'Personalizar Descriptores', N'Personalize Descriptors', 0, CAST(N'2013-10-30 00:00:00.000' AS DateTime), 4, 0, 4)
INSERT [dbo].[OP_INDICATOPC] ([ID_INDICATOPC], [ID_INDICAT], [DESCRIP_ES], [DESCRIP_EN], [IDREG], [FECHA], [BITPOS], [RESERVADO], [POSICION]) VALUES (134, 14, N'Personalizar Tablas de Impuestos', N'Personalize Tax Tables', 0, CAST(N'2013-10-30 00:00:00.000' AS DateTime), 5, 0, 3)
INSERT [dbo].[OP_INDICATOPC] ([ID_INDICATOPC], [ID_INDICAT], [DESCRIP_ES], [DESCRIP_EN], [IDREG], [FECHA], [BITPOS], [RESERVADO], [POSICION]) VALUES (135, 14, N'Personalizar Opciones de Tienda', N'Personalize Store Options', 0, CAST(N'2013-10-30 00:00:00.000' AS DateTime), 6, 0, 2)
INSERT [dbo].[OP_INDICATOPC] ([ID_INDICATOPC], [ID_INDICAT], [DESCRIP_ES], [DESCRIP_EN], [IDREG], [FECHA], [BITPOS], [RESERVADO], [POSICION]) VALUES (136, 14, N'Personalizar Opciones de Terminal/Grupo', N'Personalize Terminal/Group Options', 0, CAST(N'2013-10-30 00:00:00.000' AS DateTime), 7, 0, 1)
INSERT [dbo].[OP_INDICATOPC] ([ID_INDICATOPC], [ID_INDICAT], [DESCRIP_ES], [DESCRIP_EN], [IDREG], [FECHA], [BITPOS], [RESERVADO], [POSICION]) VALUES (137, 15, N'Procedimiento de Usuario 8', N'User Procedure 8', 0, CAST(N'2013-10-30 00:00:00.000' AS DateTime), 0, 0, 8)
INSERT [dbo].[OP_INDICATOPC] ([ID_INDICATOPC], [ID_INDICAT], [DESCRIP_ES], [DESCRIP_EN], [IDREG], [FECHA], [BITPOS], [RESERVADO], [POSICION]) VALUES (138, 15, N'Procedimiento de Usuario 7', N'User Procedure 7', 0, CAST(N'2013-10-30 00:00:00.000' AS DateTime), 1, 0, 7)
INSERT [dbo].[OP_INDICATOPC] ([ID_INDICATOPC], [ID_INDICAT], [DESCRIP_ES], [DESCRIP_EN], [IDREG], [FECHA], [BITPOS], [RESERVADO], [POSICION]) VALUES (139, 15, N'Procedimiento de Usuario 6', N'User Procedure 6', 0, CAST(N'2013-10-30 00:00:00.000' AS DateTime), 2, 0, 6)
INSERT [dbo].[OP_INDICATOPC] ([ID_INDICATOPC], [ID_INDICAT], [DESCRIP_ES], [DESCRIP_EN], [IDREG], [FECHA], [BITPOS], [RESERVADO], [POSICION]) VALUES (140, 15, N'Procedimiento de Usuario 5', N'User Procedure 5', 0, CAST(N'2013-10-30 00:00:00.000' AS DateTime), 3, 0, 5)
INSERT [dbo].[OP_INDICATOPC] ([ID_INDICATOPC], [ID_INDICAT], [DESCRIP_ES], [DESCRIP_EN], [IDREG], [FECHA], [BITPOS], [RESERVADO], [POSICION]) VALUES (141, 15, N'Procedimiento de Usuario 4', N'User Procedure 4', 0, CAST(N'2013-10-30 00:00:00.000' AS DateTime), 4, 0, 4)
INSERT [dbo].[OP_INDICATOPC] ([ID_INDICATOPC], [ID_INDICAT], [DESCRIP_ES], [DESCRIP_EN], [IDREG], [FECHA], [BITPOS], [RESERVADO], [POSICION]) VALUES (142, 15, N'Procedimiento de Usuario 3', N'User Procedure 3', 0, CAST(N'2013-10-30 00:00:00.000' AS DateTime), 5, 0, 3)
INSERT [dbo].[OP_INDICATOPC] ([ID_INDICATOPC], [ID_INDICAT], [DESCRIP_ES], [DESCRIP_EN], [IDREG], [FECHA], [BITPOS], [RESERVADO], [POSICION]) VALUES (143, 15, N'Procedimiento de Usuario 2', N'User Procedure 2', 0, CAST(N'2013-10-30 00:00:00.000' AS DateTime), 6, 0, 2)
INSERT [dbo].[OP_INDICATOPC] ([ID_INDICATOPC], [ID_INDICAT], [DESCRIP_ES], [DESCRIP_EN], [IDREG], [FECHA], [BITPOS], [RESERVADO], [POSICION]) VALUES (144, 15, N'Procedimiento de Usuario 1', N'User Procedure 1', 0, CAST(N'2013-10-30 00:00:00.000' AS DateTime), 7, 0, 1)
INSERT [dbo].[OP_INDICATOPC] ([ID_INDICATOPC], [ID_INDICAT], [DESCRIP_ES], [DESCRIP_EN], [IDREG], [FECHA], [BITPOS], [RESERVADO], [POSICION]) VALUES (145, 16, N'Administracion de Archivos', N'Manage Files', 0, CAST(N'2013-10-30 00:00:00.000' AS DateTime), 0, 0, 7)
INSERT [dbo].[OP_INDICATOPC] ([ID_INDICATOPC], [ID_INDICAT], [DESCRIP_ES], [DESCRIP_EN], [IDREG], [FECHA], [BITPOS], [RESERVADO], [POSICION]) VALUES (146, 16, N'Reconstruccion de Archivo de Registro de Articulos', N'Item Record File Rebuild', 0, CAST(N'2013-10-30 00:00:00.000' AS DateTime), 1, 0, 6)
INSERT [dbo].[OP_INDICATOPC] ([ID_INDICATOPC], [ID_INDICAT], [DESCRIP_ES], [DESCRIP_EN], [IDREG], [FECHA], [BITPOS], [RESERVADO], [POSICION]) VALUES (147, 16, N'Reservado', N'Reserved', 0, CAST(N'2013-10-30 00:00:00.000' AS DateTime), 2, 1, 0)
INSERT [dbo].[OP_INDICATOPC] ([ID_INDICATOPC], [ID_INDICAT], [DESCRIP_ES], [DESCRIP_EN], [IDREG], [FECHA], [BITPOS], [RESERVADO], [POSICION]) VALUES (148, 16, N'Personalizacion', N'Personalization', 0, CAST(N'2013-10-30 00:00:00.000' AS DateTime), 3, 0, 1)
INSERT [dbo].[OP_INDICATOPC] ([ID_INDICATOPC], [ID_INDICAT], [DESCRIP_ES], [DESCRIP_EN], [IDREG], [FECHA], [BITPOS], [RESERVADO], [POSICION]) VALUES (149, 16, N'Personalizacion del Diario', N'Journal Personalization', 0, CAST(N'2013-10-30 00:00:00.000' AS DateTime), 4, 0, 2)
INSERT [dbo].[OP_INDICATOPC] ([ID_INDICATOPC], [ID_INDICAT], [DESCRIP_ES], [DESCRIP_EN], [IDREG], [FECHA], [BITPOS], [RESERVADO], [POSICION]) VALUES (150, 16, N'Busqueda Diaria', N'Journal Search', 0, CAST(N'2013-10-30 00:00:00.000' AS DateTime), 5, 0, 3)
INSERT [dbo].[OP_INDICATOPC] ([ID_INDICATOPC], [ID_INDICAT], [DESCRIP_ES], [DESCRIP_EN], [IDREG], [FECHA], [BITPOS], [RESERVADO], [POSICION]) VALUES (151, 16, N'Diario Electronico', N'Electronic Journal', 0, CAST(N'2013-10-30 00:00:00.000' AS DateTime), 6, 0, 5)
INSERT [dbo].[OP_INDICATOPC] ([ID_INDICATOPC], [ID_INDICAT], [DESCRIP_ES], [DESCRIP_EN], [IDREG], [FECHA], [BITPOS], [RESERVADO], [POSICION]) VALUES (152, 16, N'Diario Gerencial', N'Managers Journal', 0, CAST(N'2013-10-30 00:00:00.000' AS DateTime), 7, 0, 4)
SET IDENTITY_INSERT [dbo].[OP_INDICATOPC] OFF
SET IDENTITY_INSERT [dbo].[OP_ENHSEC] ON 

INSERT [dbo].[OP_ENHSEC] ([ID_ENHSEC], [DESCRIP_ES], [DESCRIP_EN], [PADD_NVL], [MNVL_DEP]) VALUES (1, N'MODALIDADES DEL SISTEMA	', N'SYSTEM MODES	', 1, 0)
INSERT [dbo].[OP_ENHSEC] ([ID_ENHSEC], [DESCRIP_ES], [DESCRIP_EN], [PADD_NVL], [MNVL_DEP]) VALUES (2, N'FUNCIONES DE CONTROL DE TIENDA	', N'STORE CONTROL FUNCTIONS	', 2, 4)
INSERT [dbo].[OP_ENHSEC] ([ID_ENHSEC], [DESCRIP_ES], [DESCRIP_EN], [PADD_NVL], [MNVL_DEP]) VALUES (3, N'FUNCIONES DE TERMINAL	', N'TERMINAL FUNCTIONS	', 3, 36)
INSERT [dbo].[OP_ENHSEC] ([ID_ENHSEC], [DESCRIP_ES], [DESCRIP_EN], [PADD_NVL], [MNVL_DEP]) VALUES (4, N'FUNCIONES DEL CONTROLADOR	', N'CONTROLLER FUNCTIONS	', 3, 37)
INSERT [dbo].[OP_ENHSEC] ([ID_ENHSEC], [DESCRIP_ES], [DESCRIP_EN], [PADD_NVL], [MNVL_DEP]) VALUES (5, N'FUNCIONES DE TCC	', N'TCC FUNCTIONS	', 3, 39)
INSERT [dbo].[OP_ENHSEC] ([ID_ENHSEC], [DESCRIP_ES], [DESCRIP_EN], [PADD_NVL], [MNVL_DEP]) VALUES (6, N'FUNCIONES DE CONTROLADOR MULTIPLE	', N'MULTIPLE CONTROLLER FUNCTIONS	', 3, 40)
INSERT [dbo].[OP_ENHSEC] ([ID_ENHSEC], [DESCRIP_ES], [DESCRIP_EN], [PADD_NVL], [MNVL_DEP]) VALUES (7, N'FUNCIONES DEL SISTEMA	', N'SYSTEM FUNCTIONS	', 3, 38)
INSERT [dbo].[OP_ENHSEC] ([ID_ENHSEC], [DESCRIP_ES], [DESCRIP_EN], [PADD_NVL], [MNVL_DEP]) VALUES (8, N'FUNCIONES DE COMUNICACION	', N'COMMUNICATION FUNCTIONS	', 3, 54)
INSERT [dbo].[OP_ENHSEC] ([ID_ENHSEC], [DESCRIP_ES], [DESCRIP_EN], [PADD_NVL], [MNVL_DEP]) VALUES (9, N'MENU PRINCIPAL DEL SISTEMA	', N'SYSTEM MAIN MENU	', 1, 0)
INSERT [dbo].[OP_ENHSEC] ([ID_ENHSEC], [DESCRIP_ES], [DESCRIP_EN], [PADD_NVL], [MNVL_DEP]) VALUES (10, N'UTILIDADES DE ARCHIVO	', N'FILE UTILITIES	', 2, 18)
INSERT [dbo].[OP_ENHSEC] ([ID_ENHSEC], [DESCRIP_ES], [DESCRIP_EN], [PADD_NVL], [MNVL_DEP]) VALUES (11, N'AYUDAS PARA LA INSTALACION Y LA ACTUALIZACION	', N'INSTALLATION AND UPDATE AIDS	', 2, 19)
INSERT [dbo].[OP_ENHSEC] ([ID_ENHSEC], [DESCRIP_ES], [DESCRIP_EN], [PADD_NVL], [MNVL_DEP]) VALUES (12, N'CONFIGURACION DEL SISTEMA	', N'SYSTEM CONFIGURATION	', 3, 81)
INSERT [dbo].[OP_ENHSEC] ([ID_ENHSEC], [DESCRIP_ES], [DESCRIP_EN], [PADD_NVL], [MNVL_DEP]) VALUES (13, N'COLECCION DE DATOS DE ANALISIS DE PROBLEMAS	', N'PROBLEM ANALYSIS DATA COLLECTION	', 2, 20)
INSERT [dbo].[OP_ENHSEC] ([ID_ENHSEC], [DESCRIP_ES], [DESCRIP_EN], [PADD_NVL], [MNVL_DEP]) VALUES (14, N'INFORMES DE ANALISIS DE PROBLEMAS	', N'PROBLEM ANALYSIS REPORTS	', 2, 21)
INSERT [dbo].[OP_ENHSEC] ([ID_ENHSEC], [DESCRIP_ES], [DESCRIP_EN], [PADD_NVL], [MNVL_DEP]) VALUES (15, N'ATRIBUTOS DEFINIDOS POR EL USUARIO	', N'USER DEFINED ATTRIBUTES	', 1, 0)
SET IDENTITY_INSERT [dbo].[OP_ENHSEC] OFF
INSERT [dbo].[OP_MODMDA] ([ID_MODOPERA], [ID_INDICAT], [ID_INDICATOPC], [VALUE]) VALUES (10, 0, 1, 0)
INSERT [dbo].[OP_MODMDA] ([ID_MODOPERA], [ID_INDICAT], [ID_INDICATOPC], [VALUE]) VALUES (10, 0, 2, 0)
INSERT [dbo].[OP_MODMDA] ([ID_MODOPERA], [ID_INDICAT], [ID_INDICATOPC], [VALUE]) VALUES (10, 0, 3, 0)
INSERT [dbo].[OP_MODMDA] ([ID_MODOPERA], [ID_INDICAT], [ID_INDICATOPC], [VALUE]) VALUES (10, 0, 4, 0)
INSERT [dbo].[OP_MODMDA] ([ID_MODOPERA], [ID_INDICAT], [ID_INDICATOPC], [VALUE]) VALUES (10, 0, 5, 0)
INSERT [dbo].[OP_MODMDA] ([ID_MODOPERA], [ID_INDICAT], [ID_INDICATOPC], [VALUE]) VALUES (10, 0, 6, 0)
INSERT [dbo].[OP_MODMDA] ([ID_MODOPERA], [ID_INDICAT], [ID_INDICATOPC], [VALUE]) VALUES (10, 0, 7, 0)
INSERT [dbo].[OP_MODMDA] ([ID_MODOPERA], [ID_INDICAT], [ID_INDICATOPC], [VALUE]) VALUES (10, 0, 8, 0)
INSERT [dbo].[OP_MODMDA] ([ID_MODOPERA], [ID_INDICAT], [ID_INDICATOPC], [VALUE]) VALUES (10, 0, 9, 0)
INSERT [dbo].[OP_MODMDA] ([ID_MODOPERA], [ID_INDICAT], [ID_INDICATOPC], [VALUE]) VALUES (10, 0, 10, 0)
INSERT [dbo].[OP_MODMDA] ([ID_MODOPERA], [ID_INDICAT], [ID_INDICATOPC], [VALUE]) VALUES (10, 0, 11, 0)
INSERT [dbo].[OP_MODMDA] ([ID_MODOPERA], [ID_INDICAT], [ID_INDICATOPC], [VALUE]) VALUES (10, 0, 12, 0)
INSERT [dbo].[OP_MODMDA] ([ID_MODOPERA], [ID_INDICAT], [ID_INDICATOPC], [VALUE]) VALUES (10, 0, 13, 0)
INSERT [dbo].[OP_MODMDA] ([ID_MODOPERA], [ID_INDICAT], [ID_INDICATOPC], [VALUE]) VALUES (10, 0, 14, 0)
INSERT [dbo].[OP_MODMDA] ([ID_MODOPERA], [ID_INDICAT], [ID_INDICATOPC], [VALUE]) VALUES (10, 0, 15, 0)
INSERT [dbo].[OP_MODMDA] ([ID_MODOPERA], [ID_INDICAT], [ID_INDICATOPC], [VALUE]) VALUES (10, 0, 16, 0)
INSERT [dbo].[OP_MODMDA] ([ID_MODOPERA], [ID_INDICAT], [ID_INDICATOPC], [VALUE]) VALUES (10, 1, 17, 0)
INSERT [dbo].[OP_MODMDA] ([ID_MODOPERA], [ID_INDICAT], [ID_INDICATOPC], [VALUE]) VALUES (10, 1, 18, 0)
INSERT [dbo].[OP_MODMDA] ([ID_MODOPERA], [ID_INDICAT], [ID_INDICATOPC], [VALUE]) VALUES (10, 1, 19, 0)
INSERT [dbo].[OP_MODMDA] ([ID_MODOPERA], [ID_INDICAT], [ID_INDICATOPC], [VALUE]) VALUES (10, 1, 20, 0)
INSERT [dbo].[OP_MODMDA] ([ID_MODOPERA], [ID_INDICAT], [ID_INDICATOPC], [VALUE]) VALUES (10, 1, 21, 0)
INSERT [dbo].[OP_MODMDA] ([ID_MODOPERA], [ID_INDICAT], [ID_INDICATOPC], [VALUE]) VALUES (10, 1, 22, 0)
INSERT [dbo].[OP_MODMDA] ([ID_MODOPERA], [ID_INDICAT], [ID_INDICATOPC], [VALUE]) VALUES (10, 1, 23, 0)
INSERT [dbo].[OP_MODMDA] ([ID_MODOPERA], [ID_INDICAT], [ID_INDICATOPC], [VALUE]) VALUES (10, 1, 24, 0)
INSERT [dbo].[OP_MODMDA] ([ID_MODOPERA], [ID_INDICAT], [ID_INDICATOPC], [VALUE]) VALUES (10, 1, 25, 0)
INSERT [dbo].[OP_MODMDA] ([ID_MODOPERA], [ID_INDICAT], [ID_INDICATOPC], [VALUE]) VALUES (10, 1, 26, 0)
INSERT [dbo].[OP_MODMDA] ([ID_MODOPERA], [ID_INDICAT], [ID_INDICATOPC], [VALUE]) VALUES (10, 1, 27, 0)
INSERT [dbo].[OP_MODMDA] ([ID_MODOPERA], [ID_INDICAT], [ID_INDICATOPC], [VALUE]) VALUES (10, 1, 28, 0)
INSERT [dbo].[OP_MODMDA] ([ID_MODOPERA], [ID_INDICAT], [ID_INDICATOPC], [VALUE]) VALUES (10, 1, 29, 0)
INSERT [dbo].[OP_MODMDA] ([ID_MODOPERA], [ID_INDICAT], [ID_INDICATOPC], [VALUE]) VALUES (10, 1, 30, 0)
INSERT [dbo].[OP_MODMDA] ([ID_MODOPERA], [ID_INDICAT], [ID_INDICATOPC], [VALUE]) VALUES (10, 1, 31, 0)
INSERT [dbo].[OP_MODMDA] ([ID_MODOPERA], [ID_INDICAT], [ID_INDICATOPC], [VALUE]) VALUES (10, 1, 32, 0)
INSERT [dbo].[OP_MODMDA] ([ID_MODOPERA], [ID_INDICAT], [ID_INDICATOPC], [VALUE]) VALUES (10, 2, 33, 0)
INSERT [dbo].[OP_MODMDA] ([ID_MODOPERA], [ID_INDICAT], [ID_INDICATOPC], [VALUE]) VALUES (10, 2, 34, 0)
INSERT [dbo].[OP_MODMDA] ([ID_MODOPERA], [ID_INDICAT], [ID_INDICATOPC], [VALUE]) VALUES (10, 2, 35, 0)
INSERT [dbo].[OP_MODMDA] ([ID_MODOPERA], [ID_INDICAT], [ID_INDICATOPC], [VALUE]) VALUES (10, 2, 36, 0)
INSERT [dbo].[OP_MODMDA] ([ID_MODOPERA], [ID_INDICAT], [ID_INDICATOPC], [VALUE]) VALUES (10, 2, 37, 0)
INSERT [dbo].[OP_MODMDA] ([ID_MODOPERA], [ID_INDICAT], [ID_INDICATOPC], [VALUE]) VALUES (10, 2, 38, 0)
INSERT [dbo].[OP_MODMDA] ([ID_MODOPERA], [ID_INDICAT], [ID_INDICATOPC], [VALUE]) VALUES (10, 2, 39, 0)
INSERT [dbo].[OP_MODMDA] ([ID_MODOPERA], [ID_INDICAT], [ID_INDICATOPC], [VALUE]) VALUES (10, 2, 40, 0)
INSERT [dbo].[OP_MODMDA] ([ID_MODOPERA], [ID_INDICAT], [ID_INDICATOPC], [VALUE]) VALUES (10, 3, 41, 0)
INSERT [dbo].[OP_MODMDA] ([ID_MODOPERA], [ID_INDICAT], [ID_INDICATOPC], [VALUE]) VALUES (10, 3, 42, 0)
INSERT [dbo].[OP_MODMDA] ([ID_MODOPERA], [ID_INDICAT], [ID_INDICATOPC], [VALUE]) VALUES (10, 3, 43, 0)
INSERT [dbo].[OP_MODMDA] ([ID_MODOPERA], [ID_INDICAT], [ID_INDICATOPC], [VALUE]) VALUES (10, 3, 44, 0)
INSERT [dbo].[OP_MODMDA] ([ID_MODOPERA], [ID_INDICAT], [ID_INDICATOPC], [VALUE]) VALUES (10, 3, 45, 0)
INSERT [dbo].[OP_MODMDA] ([ID_MODOPERA], [ID_INDICAT], [ID_INDICATOPC], [VALUE]) VALUES (10, 3, 46, 0)
INSERT [dbo].[OP_MODMDA] ([ID_MODOPERA], [ID_INDICAT], [ID_INDICATOPC], [VALUE]) VALUES (10, 3, 47, 0)
INSERT [dbo].[OP_MODMDA] ([ID_MODOPERA], [ID_INDICAT], [ID_INDICATOPC], [VALUE]) VALUES (10, 3, 48, 0)
INSERT [dbo].[OP_MODMDA] ([ID_MODOPERA], [ID_INDICAT], [ID_INDICATOPC], [VALUE]) VALUES (10, 4, 49, 0)
INSERT [dbo].[OP_MODMDA] ([ID_MODOPERA], [ID_INDICAT], [ID_INDICATOPC], [VALUE]) VALUES (10, 4, 50, 0)
INSERT [dbo].[OP_MODMDA] ([ID_MODOPERA], [ID_INDICAT], [ID_INDICATOPC], [VALUE]) VALUES (10, 4, 51, 0)
INSERT [dbo].[OP_MODMDA] ([ID_MODOPERA], [ID_INDICAT], [ID_INDICATOPC], [VALUE]) VALUES (10, 4, 52, 0)
INSERT [dbo].[OP_MODMDA] ([ID_MODOPERA], [ID_INDICAT], [ID_INDICATOPC], [VALUE]) VALUES (10, 4, 53, 0)
INSERT [dbo].[OP_MODMDA] ([ID_MODOPERA], [ID_INDICAT], [ID_INDICATOPC], [VALUE]) VALUES (10, 4, 54, 0)
INSERT [dbo].[OP_MODMDA] ([ID_MODOPERA], [ID_INDICAT], [ID_INDICATOPC], [VALUE]) VALUES (10, 4, 55, 0)
INSERT [dbo].[OP_MODMDA] ([ID_MODOPERA], [ID_INDICAT], [ID_INDICATOPC], [VALUE]) VALUES (10, 4, 56, 0)
INSERT [dbo].[OP_MODMDA] ([ID_MODOPERA], [ID_INDICAT], [ID_INDICATOPC], [VALUE]) VALUES (10, 5, 57, 0)
INSERT [dbo].[OP_MODMDA] ([ID_MODOPERA], [ID_INDICAT], [ID_INDICATOPC], [VALUE]) VALUES (10, 5, 58, 0)
INSERT [dbo].[OP_MODMDA] ([ID_MODOPERA], [ID_INDICAT], [ID_INDICATOPC], [VALUE]) VALUES (10, 5, 59, 0)
INSERT [dbo].[OP_MODMDA] ([ID_MODOPERA], [ID_INDICAT], [ID_INDICATOPC], [VALUE]) VALUES (10, 5, 60, 0)
INSERT [dbo].[OP_MODMDA] ([ID_MODOPERA], [ID_INDICAT], [ID_INDICATOPC], [VALUE]) VALUES (10, 5, 61, 0)
INSERT [dbo].[OP_MODMDA] ([ID_MODOPERA], [ID_INDICAT], [ID_INDICATOPC], [VALUE]) VALUES (10, 5, 62, 0)
INSERT [dbo].[OP_MODMDA] ([ID_MODOPERA], [ID_INDICAT], [ID_INDICATOPC], [VALUE]) VALUES (10, 5, 63, 0)
INSERT [dbo].[OP_MODMDA] ([ID_MODOPERA], [ID_INDICAT], [ID_INDICATOPC], [VALUE]) VALUES (10, 5, 64, 0)
INSERT [dbo].[OP_MODMDA] ([ID_MODOPERA], [ID_INDICAT], [ID_INDICATOPC], [VALUE]) VALUES (10, 6, 65, 0)
INSERT [dbo].[OP_MODMDA] ([ID_MODOPERA], [ID_INDICAT], [ID_INDICATOPC], [VALUE]) VALUES (10, 6, 66, 0)
INSERT [dbo].[OP_MODMDA] ([ID_MODOPERA], [ID_INDICAT], [ID_INDICATOPC], [VALUE]) VALUES (10, 6, 67, 0)
INSERT [dbo].[OP_MODMDA] ([ID_MODOPERA], [ID_INDICAT], [ID_INDICATOPC], [VALUE]) VALUES (10, 6, 68, 0)
INSERT [dbo].[OP_MODMDA] ([ID_MODOPERA], [ID_INDICAT], [ID_INDICATOPC], [VALUE]) VALUES (10, 6, 69, 0)
INSERT [dbo].[OP_MODMDA] ([ID_MODOPERA], [ID_INDICAT], [ID_INDICATOPC], [VALUE]) VALUES (10, 6, 70, 0)
INSERT [dbo].[OP_MODMDA] ([ID_MODOPERA], [ID_INDICAT], [ID_INDICATOPC], [VALUE]) VALUES (10, 6, 71, 0)
INSERT [dbo].[OP_MODMDA] ([ID_MODOPERA], [ID_INDICAT], [ID_INDICATOPC], [VALUE]) VALUES (10, 6, 72, 0)
INSERT [dbo].[OP_MODMDA] ([ID_MODOPERA], [ID_INDICAT], [ID_INDICATOPC], [VALUE]) VALUES (10, 7, 73, 0)
INSERT [dbo].[OP_MODMDA] ([ID_MODOPERA], [ID_INDICAT], [ID_INDICATOPC], [VALUE]) VALUES (10, 7, 74, 0)
INSERT [dbo].[OP_MODMDA] ([ID_MODOPERA], [ID_INDICAT], [ID_INDICATOPC], [VALUE]) VALUES (10, 7, 75, 0)
INSERT [dbo].[OP_MODMDA] ([ID_MODOPERA], [ID_INDICAT], [ID_INDICATOPC], [VALUE]) VALUES (10, 7, 76, 0)
INSERT [dbo].[OP_MODMDA] ([ID_MODOPERA], [ID_INDICAT], [ID_INDICATOPC], [VALUE]) VALUES (10, 7, 77, 0)
INSERT [dbo].[OP_MODMDA] ([ID_MODOPERA], [ID_INDICAT], [ID_INDICATOPC], [VALUE]) VALUES (10, 7, 78, 0)
INSERT [dbo].[OP_MODMDA] ([ID_MODOPERA], [ID_INDICAT], [ID_INDICATOPC], [VALUE]) VALUES (10, 7, 79, 0)
INSERT [dbo].[OP_MODMDA] ([ID_MODOPERA], [ID_INDICAT], [ID_INDICATOPC], [VALUE]) VALUES (10, 7, 80, 0)
INSERT [dbo].[OP_MODMDA] ([ID_MODOPERA], [ID_INDICAT], [ID_INDICATOPC], [VALUE]) VALUES (10, 8, 81, 0)
INSERT [dbo].[OP_MODMDA] ([ID_MODOPERA], [ID_INDICAT], [ID_INDICATOPC], [VALUE]) VALUES (10, 8, 82, 0)
INSERT [dbo].[OP_MODMDA] ([ID_MODOPERA], [ID_INDICAT], [ID_INDICATOPC], [VALUE]) VALUES (10, 8, 83, 0)
INSERT [dbo].[OP_MODMDA] ([ID_MODOPERA], [ID_INDICAT], [ID_INDICATOPC], [VALUE]) VALUES (10, 8, 84, 0)
INSERT [dbo].[OP_MODMDA] ([ID_MODOPERA], [ID_INDICAT], [ID_INDICATOPC], [VALUE]) VALUES (10, 8, 85, 0)
INSERT [dbo].[OP_MODMDA] ([ID_MODOPERA], [ID_INDICAT], [ID_INDICATOPC], [VALUE]) VALUES (10, 8, 86, 0)
INSERT [dbo].[OP_MODMDA] ([ID_MODOPERA], [ID_INDICAT], [ID_INDICATOPC], [VALUE]) VALUES (10, 8, 87, 0)
INSERT [dbo].[OP_MODMDA] ([ID_MODOPERA], [ID_INDICAT], [ID_INDICATOPC], [VALUE]) VALUES (10, 8, 88, 0)
INSERT [dbo].[OP_MODMDA] ([ID_MODOPERA], [ID_INDICAT], [ID_INDICATOPC], [VALUE]) VALUES (10, 9, 89, 0)
INSERT [dbo].[OP_MODMDA] ([ID_MODOPERA], [ID_INDICAT], [ID_INDICATOPC], [VALUE]) VALUES (10, 9, 90, 0)
INSERT [dbo].[OP_MODMDA] ([ID_MODOPERA], [ID_INDICAT], [ID_INDICATOPC], [VALUE]) VALUES (10, 9, 91, 0)
INSERT [dbo].[OP_MODMDA] ([ID_MODOPERA], [ID_INDICAT], [ID_INDICATOPC], [VALUE]) VALUES (10, 9, 92, 0)
INSERT [dbo].[OP_MODMDA] ([ID_MODOPERA], [ID_INDICAT], [ID_INDICATOPC], [VALUE]) VALUES (10, 9, 93, 0)
INSERT [dbo].[OP_MODMDA] ([ID_MODOPERA], [ID_INDICAT], [ID_INDICATOPC], [VALUE]) VALUES (10, 9, 94, 0)
INSERT [dbo].[OP_MODMDA] ([ID_MODOPERA], [ID_INDICAT], [ID_INDICATOPC], [VALUE]) VALUES (10, 9, 95, 0)
INSERT [dbo].[OP_MODMDA] ([ID_MODOPERA], [ID_INDICAT], [ID_INDICATOPC], [VALUE]) VALUES (10, 9, 96, 0)
INSERT [dbo].[OP_MODMDA] ([ID_MODOPERA], [ID_INDICAT], [ID_INDICATOPC], [VALUE]) VALUES (10, 10, 101, 0)
INSERT [dbo].[OP_MODMDA] ([ID_MODOPERA], [ID_INDICAT], [ID_INDICATOPC], [VALUE]) VALUES (10, 10, 102, 0)
INSERT [dbo].[OP_MODMDA] ([ID_MODOPERA], [ID_INDICAT], [ID_INDICATOPC], [VALUE]) VALUES (10, 10, 103, 0)
INSERT [dbo].[OP_MODMDA] ([ID_MODOPERA], [ID_INDICAT], [ID_INDICATOPC], [VALUE]) VALUES (10, 10, 104, 0)
GO
INSERT [dbo].[OP_MODMDA] ([ID_MODOPERA], [ID_INDICAT], [ID_INDICATOPC], [VALUE]) VALUES (10, 11, 109, 0)
INSERT [dbo].[OP_MODMDA] ([ID_MODOPERA], [ID_INDICAT], [ID_INDICATOPC], [VALUE]) VALUES (10, 11, 110, 0)
INSERT [dbo].[OP_MODMDA] ([ID_MODOPERA], [ID_INDICAT], [ID_INDICATOPC], [VALUE]) VALUES (10, 11, 111, 0)
INSERT [dbo].[OP_MODMDA] ([ID_MODOPERA], [ID_INDICAT], [ID_INDICATOPC], [VALUE]) VALUES (10, 11, 112, 0)
INSERT [dbo].[OP_MODMDA] ([ID_MODOPERA], [ID_INDICAT], [ID_INDICATOPC], [VALUE]) VALUES (10, 12, 117, 0)
INSERT [dbo].[OP_MODMDA] ([ID_MODOPERA], [ID_INDICAT], [ID_INDICATOPC], [VALUE]) VALUES (10, 12, 118, 0)
INSERT [dbo].[OP_MODMDA] ([ID_MODOPERA], [ID_INDICAT], [ID_INDICATOPC], [VALUE]) VALUES (10, 12, 119, 0)
INSERT [dbo].[OP_MODMDA] ([ID_MODOPERA], [ID_INDICAT], [ID_INDICATOPC], [VALUE]) VALUES (10, 12, 120, 0)
INSERT [dbo].[OP_MODMDA] ([ID_MODOPERA], [ID_INDICAT], [ID_INDICATOPC], [VALUE]) VALUES (10, 13, 128, 0)
INSERT [dbo].[OP_MODMDA] ([ID_MODOPERA], [ID_INDICAT], [ID_INDICATOPC], [VALUE]) VALUES (10, 14, 129, 0)
INSERT [dbo].[OP_MODMDA] ([ID_MODOPERA], [ID_INDICAT], [ID_INDICATOPC], [VALUE]) VALUES (10, 14, 130, 0)
INSERT [dbo].[OP_MODMDA] ([ID_MODOPERA], [ID_INDICAT], [ID_INDICATOPC], [VALUE]) VALUES (10, 14, 131, 0)
INSERT [dbo].[OP_MODMDA] ([ID_MODOPERA], [ID_INDICAT], [ID_INDICATOPC], [VALUE]) VALUES (10, 14, 132, 0)
INSERT [dbo].[OP_MODMDA] ([ID_MODOPERA], [ID_INDICAT], [ID_INDICATOPC], [VALUE]) VALUES (10, 14, 133, 0)
INSERT [dbo].[OP_MODMDA] ([ID_MODOPERA], [ID_INDICAT], [ID_INDICATOPC], [VALUE]) VALUES (10, 14, 134, 0)
INSERT [dbo].[OP_MODMDA] ([ID_MODOPERA], [ID_INDICAT], [ID_INDICATOPC], [VALUE]) VALUES (10, 14, 135, 0)
INSERT [dbo].[OP_MODMDA] ([ID_MODOPERA], [ID_INDICAT], [ID_INDICATOPC], [VALUE]) VALUES (10, 14, 136, 0)
INSERT [dbo].[OP_MODMDA] ([ID_MODOPERA], [ID_INDICAT], [ID_INDICATOPC], [VALUE]) VALUES (10, 15, 137, 0)
INSERT [dbo].[OP_MODMDA] ([ID_MODOPERA], [ID_INDICAT], [ID_INDICATOPC], [VALUE]) VALUES (10, 15, 138, 0)
INSERT [dbo].[OP_MODMDA] ([ID_MODOPERA], [ID_INDICAT], [ID_INDICATOPC], [VALUE]) VALUES (10, 15, 139, 0)
INSERT [dbo].[OP_MODMDA] ([ID_MODOPERA], [ID_INDICAT], [ID_INDICATOPC], [VALUE]) VALUES (10, 15, 140, 0)
INSERT [dbo].[OP_MODMDA] ([ID_MODOPERA], [ID_INDICAT], [ID_INDICATOPC], [VALUE]) VALUES (10, 15, 141, 0)
INSERT [dbo].[OP_MODMDA] ([ID_MODOPERA], [ID_INDICAT], [ID_INDICATOPC], [VALUE]) VALUES (10, 15, 142, 0)
INSERT [dbo].[OP_MODMDA] ([ID_MODOPERA], [ID_INDICAT], [ID_INDICATOPC], [VALUE]) VALUES (10, 15, 143, 0)
INSERT [dbo].[OP_MODMDA] ([ID_MODOPERA], [ID_INDICAT], [ID_INDICATOPC], [VALUE]) VALUES (10, 15, 144, 0)
INSERT [dbo].[OP_MODMDA] ([ID_MODOPERA], [ID_INDICAT], [ID_INDICATOPC], [VALUE]) VALUES (10, 16, 145, 0)
INSERT [dbo].[OP_MODMDA] ([ID_MODOPERA], [ID_INDICAT], [ID_INDICATOPC], [VALUE]) VALUES (10, 16, 146, 0)
INSERT [dbo].[OP_MODMDA] ([ID_MODOPERA], [ID_INDICAT], [ID_INDICATOPC], [VALUE]) VALUES (10, 16, 147, 0)
INSERT [dbo].[OP_MODMDA] ([ID_MODOPERA], [ID_INDICAT], [ID_INDICATOPC], [VALUE]) VALUES (10, 16, 148, 0)
INSERT [dbo].[OP_MODMDA] ([ID_MODOPERA], [ID_INDICAT], [ID_INDICATOPC], [VALUE]) VALUES (10, 16, 149, 0)
INSERT [dbo].[OP_MODMDA] ([ID_MODOPERA], [ID_INDICAT], [ID_INDICATOPC], [VALUE]) VALUES (10, 16, 150, 0)
INSERT [dbo].[OP_MODMDA] ([ID_MODOPERA], [ID_INDICAT], [ID_INDICATOPC], [VALUE]) VALUES (10, 16, 151, 0)
INSERT [dbo].[OP_MODMDA] ([ID_MODOPERA], [ID_INDICAT], [ID_INDICATOPC], [VALUE]) VALUES (10, 16, 152, 0)
INSERT [dbo].[OP_MODMDA] ([ID_MODOPERA], [ID_INDICAT], [ID_INDICATOPC], [VALUE]) VALUES (10, 17, 97, 0)
INSERT [dbo].[OP_MODMDA] ([ID_MODOPERA], [ID_INDICAT], [ID_INDICATOPC], [VALUE]) VALUES (10, 17, 98, 0)
INSERT [dbo].[OP_MODMDA] ([ID_MODOPERA], [ID_INDICAT], [ID_INDICATOPC], [VALUE]) VALUES (10, 17, 99, 0)
INSERT [dbo].[OP_MODMDA] ([ID_MODOPERA], [ID_INDICAT], [ID_INDICATOPC], [VALUE]) VALUES (10, 17, 100, 0)
INSERT [dbo].[OP_MODMDA] ([ID_MODOPERA], [ID_INDICAT], [ID_INDICATOPC], [VALUE]) VALUES (10, 18, 105, 0)
INSERT [dbo].[OP_MODMDA] ([ID_MODOPERA], [ID_INDICAT], [ID_INDICATOPC], [VALUE]) VALUES (10, 18, 106, 0)
INSERT [dbo].[OP_MODMDA] ([ID_MODOPERA], [ID_INDICAT], [ID_INDICATOPC], [VALUE]) VALUES (10, 18, 107, 0)
INSERT [dbo].[OP_MODMDA] ([ID_MODOPERA], [ID_INDICAT], [ID_INDICATOPC], [VALUE]) VALUES (10, 18, 116, 0)
INSERT [dbo].[OP_MODMDA] ([ID_MODOPERA], [ID_INDICAT], [ID_INDICATOPC], [VALUE]) VALUES (10, 19, 108, 0)
INSERT [dbo].[OP_MODMDA] ([ID_MODOPERA], [ID_INDICAT], [ID_INDICATOPC], [VALUE]) VALUES (10, 19, 113, 0)
INSERT [dbo].[OP_MODMDA] ([ID_MODOPERA], [ID_INDICAT], [ID_INDICATOPC], [VALUE]) VALUES (10, 19, 114, 0)
INSERT [dbo].[OP_MODMDA] ([ID_MODOPERA], [ID_INDICAT], [ID_INDICATOPC], [VALUE]) VALUES (10, 19, 115, 0)
INSERT [dbo].[OP_MODMDA] ([ID_MODOPERA], [ID_INDICAT], [ID_INDICATOPC], [VALUE]) VALUES (10, 20, 121, 0)
INSERT [dbo].[OP_MODMDA] ([ID_MODOPERA], [ID_INDICAT], [ID_INDICATOPC], [VALUE]) VALUES (10, 20, 122, 0)
INSERT [dbo].[OP_MODMDA] ([ID_MODOPERA], [ID_INDICAT], [ID_INDICATOPC], [VALUE]) VALUES (10, 20, 123, 0)
INSERT [dbo].[OP_MODMDA] ([ID_MODOPERA], [ID_INDICAT], [ID_INDICATOPC], [VALUE]) VALUES (10, 20, 124, 0)
INSERT [dbo].[OP_MODMDA] ([ID_MODOPERA], [ID_INDICAT], [ID_INDICATOPC], [VALUE]) VALUES (10, 20, 125, 0)
INSERT [dbo].[OP_MODMDA] ([ID_MODOPERA], [ID_INDICAT], [ID_INDICATOPC], [VALUE]) VALUES (10, 20, 126, 0)
INSERT [dbo].[OP_MODMDA] ([ID_MODOPERA], [ID_INDICAT], [ID_INDICATOPC], [VALUE]) VALUES (10, 20, 127, 0)
INSERT [dbo].[OP_MODMDA] ([ID_MODOPERA], [ID_INDICAT], [ID_INDICATOPC], [VALUE]) VALUES (20, 0, 1, 1)
INSERT [dbo].[OP_MODMDA] ([ID_MODOPERA], [ID_INDICAT], [ID_INDICATOPC], [VALUE]) VALUES (20, 0, 2, 1)
INSERT [dbo].[OP_MODMDA] ([ID_MODOPERA], [ID_INDICAT], [ID_INDICATOPC], [VALUE]) VALUES (20, 0, 3, 1)
INSERT [dbo].[OP_MODMDA] ([ID_MODOPERA], [ID_INDICAT], [ID_INDICATOPC], [VALUE]) VALUES (20, 0, 4, 1)
INSERT [dbo].[OP_MODMDA] ([ID_MODOPERA], [ID_INDICAT], [ID_INDICATOPC], [VALUE]) VALUES (20, 0, 5, 1)
INSERT [dbo].[OP_MODMDA] ([ID_MODOPERA], [ID_INDICAT], [ID_INDICATOPC], [VALUE]) VALUES (20, 0, 6, 1)
INSERT [dbo].[OP_MODMDA] ([ID_MODOPERA], [ID_INDICAT], [ID_INDICATOPC], [VALUE]) VALUES (20, 0, 7, 1)
INSERT [dbo].[OP_MODMDA] ([ID_MODOPERA], [ID_INDICAT], [ID_INDICATOPC], [VALUE]) VALUES (20, 0, 8, 1)
INSERT [dbo].[OP_MODMDA] ([ID_MODOPERA], [ID_INDICAT], [ID_INDICATOPC], [VALUE]) VALUES (20, 0, 9, 1)
INSERT [dbo].[OP_MODMDA] ([ID_MODOPERA], [ID_INDICAT], [ID_INDICATOPC], [VALUE]) VALUES (20, 0, 10, 1)
INSERT [dbo].[OP_MODMDA] ([ID_MODOPERA], [ID_INDICAT], [ID_INDICATOPC], [VALUE]) VALUES (20, 0, 11, 1)
INSERT [dbo].[OP_MODMDA] ([ID_MODOPERA], [ID_INDICAT], [ID_INDICATOPC], [VALUE]) VALUES (20, 0, 12, 1)
INSERT [dbo].[OP_MODMDA] ([ID_MODOPERA], [ID_INDICAT], [ID_INDICATOPC], [VALUE]) VALUES (20, 0, 13, 1)
INSERT [dbo].[OP_MODMDA] ([ID_MODOPERA], [ID_INDICAT], [ID_INDICATOPC], [VALUE]) VALUES (20, 0, 14, 1)
INSERT [dbo].[OP_MODMDA] ([ID_MODOPERA], [ID_INDICAT], [ID_INDICATOPC], [VALUE]) VALUES (20, 0, 15, 1)
INSERT [dbo].[OP_MODMDA] ([ID_MODOPERA], [ID_INDICAT], [ID_INDICATOPC], [VALUE]) VALUES (20, 0, 16, 1)
INSERT [dbo].[OP_MODMDA] ([ID_MODOPERA], [ID_INDICAT], [ID_INDICATOPC], [VALUE]) VALUES (20, 1, 17, 1)
INSERT [dbo].[OP_MODMDA] ([ID_MODOPERA], [ID_INDICAT], [ID_INDICATOPC], [VALUE]) VALUES (20, 1, 18, 1)
INSERT [dbo].[OP_MODMDA] ([ID_MODOPERA], [ID_INDICAT], [ID_INDICATOPC], [VALUE]) VALUES (20, 1, 19, 1)
INSERT [dbo].[OP_MODMDA] ([ID_MODOPERA], [ID_INDICAT], [ID_INDICATOPC], [VALUE]) VALUES (20, 1, 20, 1)
INSERT [dbo].[OP_MODMDA] ([ID_MODOPERA], [ID_INDICAT], [ID_INDICATOPC], [VALUE]) VALUES (20, 1, 21, 1)
INSERT [dbo].[OP_MODMDA] ([ID_MODOPERA], [ID_INDICAT], [ID_INDICATOPC], [VALUE]) VALUES (20, 1, 22, 1)
INSERT [dbo].[OP_MODMDA] ([ID_MODOPERA], [ID_INDICAT], [ID_INDICATOPC], [VALUE]) VALUES (20, 1, 23, 1)
INSERT [dbo].[OP_MODMDA] ([ID_MODOPERA], [ID_INDICAT], [ID_INDICATOPC], [VALUE]) VALUES (20, 1, 24, 1)
INSERT [dbo].[OP_MODMDA] ([ID_MODOPERA], [ID_INDICAT], [ID_INDICATOPC], [VALUE]) VALUES (20, 1, 25, 1)
INSERT [dbo].[OP_MODMDA] ([ID_MODOPERA], [ID_INDICAT], [ID_INDICATOPC], [VALUE]) VALUES (20, 1, 26, 1)
INSERT [dbo].[OP_MODMDA] ([ID_MODOPERA], [ID_INDICAT], [ID_INDICATOPC], [VALUE]) VALUES (20, 1, 27, 1)
INSERT [dbo].[OP_MODMDA] ([ID_MODOPERA], [ID_INDICAT], [ID_INDICATOPC], [VALUE]) VALUES (20, 1, 28, 1)
INSERT [dbo].[OP_MODMDA] ([ID_MODOPERA], [ID_INDICAT], [ID_INDICATOPC], [VALUE]) VALUES (20, 1, 29, 1)
INSERT [dbo].[OP_MODMDA] ([ID_MODOPERA], [ID_INDICAT], [ID_INDICATOPC], [VALUE]) VALUES (20, 1, 30, 1)
INSERT [dbo].[OP_MODMDA] ([ID_MODOPERA], [ID_INDICAT], [ID_INDICATOPC], [VALUE]) VALUES (20, 1, 31, 1)
INSERT [dbo].[OP_MODMDA] ([ID_MODOPERA], [ID_INDICAT], [ID_INDICATOPC], [VALUE]) VALUES (20, 1, 32, 1)
INSERT [dbo].[OP_MODMDA] ([ID_MODOPERA], [ID_INDICAT], [ID_INDICATOPC], [VALUE]) VALUES (20, 2, 33, 1)
INSERT [dbo].[OP_MODMDA] ([ID_MODOPERA], [ID_INDICAT], [ID_INDICATOPC], [VALUE]) VALUES (20, 2, 34, 1)
INSERT [dbo].[OP_MODMDA] ([ID_MODOPERA], [ID_INDICAT], [ID_INDICATOPC], [VALUE]) VALUES (20, 2, 35, 1)
INSERT [dbo].[OP_MODMDA] ([ID_MODOPERA], [ID_INDICAT], [ID_INDICATOPC], [VALUE]) VALUES (20, 2, 36, 1)
INSERT [dbo].[OP_MODMDA] ([ID_MODOPERA], [ID_INDICAT], [ID_INDICATOPC], [VALUE]) VALUES (20, 2, 37, 1)
INSERT [dbo].[OP_MODMDA] ([ID_MODOPERA], [ID_INDICAT], [ID_INDICATOPC], [VALUE]) VALUES (20, 2, 38, 1)
INSERT [dbo].[OP_MODMDA] ([ID_MODOPERA], [ID_INDICAT], [ID_INDICATOPC], [VALUE]) VALUES (20, 2, 39, 1)
INSERT [dbo].[OP_MODMDA] ([ID_MODOPERA], [ID_INDICAT], [ID_INDICATOPC], [VALUE]) VALUES (20, 2, 40, 1)
INSERT [dbo].[OP_MODMDA] ([ID_MODOPERA], [ID_INDICAT], [ID_INDICATOPC], [VALUE]) VALUES (20, 3, 41, 1)
INSERT [dbo].[OP_MODMDA] ([ID_MODOPERA], [ID_INDICAT], [ID_INDICATOPC], [VALUE]) VALUES (20, 3, 42, 1)
INSERT [dbo].[OP_MODMDA] ([ID_MODOPERA], [ID_INDICAT], [ID_INDICATOPC], [VALUE]) VALUES (20, 3, 43, 1)
INSERT [dbo].[OP_MODMDA] ([ID_MODOPERA], [ID_INDICAT], [ID_INDICATOPC], [VALUE]) VALUES (20, 3, 44, 1)
INSERT [dbo].[OP_MODMDA] ([ID_MODOPERA], [ID_INDICAT], [ID_INDICATOPC], [VALUE]) VALUES (20, 3, 45, 1)
INSERT [dbo].[OP_MODMDA] ([ID_MODOPERA], [ID_INDICAT], [ID_INDICATOPC], [VALUE]) VALUES (20, 3, 46, 1)
INSERT [dbo].[OP_MODMDA] ([ID_MODOPERA], [ID_INDICAT], [ID_INDICATOPC], [VALUE]) VALUES (20, 3, 47, 1)
INSERT [dbo].[OP_MODMDA] ([ID_MODOPERA], [ID_INDICAT], [ID_INDICATOPC], [VALUE]) VALUES (20, 3, 48, 1)
GO
INSERT [dbo].[OP_MODMDA] ([ID_MODOPERA], [ID_INDICAT], [ID_INDICATOPC], [VALUE]) VALUES (20, 4, 49, 1)
INSERT [dbo].[OP_MODMDA] ([ID_MODOPERA], [ID_INDICAT], [ID_INDICATOPC], [VALUE]) VALUES (20, 4, 50, 1)
INSERT [dbo].[OP_MODMDA] ([ID_MODOPERA], [ID_INDICAT], [ID_INDICATOPC], [VALUE]) VALUES (20, 4, 51, 1)
INSERT [dbo].[OP_MODMDA] ([ID_MODOPERA], [ID_INDICAT], [ID_INDICATOPC], [VALUE]) VALUES (20, 4, 52, 1)
INSERT [dbo].[OP_MODMDA] ([ID_MODOPERA], [ID_INDICAT], [ID_INDICATOPC], [VALUE]) VALUES (20, 4, 53, 1)
INSERT [dbo].[OP_MODMDA] ([ID_MODOPERA], [ID_INDICAT], [ID_INDICATOPC], [VALUE]) VALUES (20, 4, 54, 1)
INSERT [dbo].[OP_MODMDA] ([ID_MODOPERA], [ID_INDICAT], [ID_INDICATOPC], [VALUE]) VALUES (20, 4, 55, 1)
INSERT [dbo].[OP_MODMDA] ([ID_MODOPERA], [ID_INDICAT], [ID_INDICATOPC], [VALUE]) VALUES (20, 4, 56, 1)
INSERT [dbo].[OP_MODMDA] ([ID_MODOPERA], [ID_INDICAT], [ID_INDICATOPC], [VALUE]) VALUES (20, 5, 57, 1)
INSERT [dbo].[OP_MODMDA] ([ID_MODOPERA], [ID_INDICAT], [ID_INDICATOPC], [VALUE]) VALUES (20, 5, 58, 1)
INSERT [dbo].[OP_MODMDA] ([ID_MODOPERA], [ID_INDICAT], [ID_INDICATOPC], [VALUE]) VALUES (20, 5, 59, 1)
INSERT [dbo].[OP_MODMDA] ([ID_MODOPERA], [ID_INDICAT], [ID_INDICATOPC], [VALUE]) VALUES (20, 5, 60, 1)
INSERT [dbo].[OP_MODMDA] ([ID_MODOPERA], [ID_INDICAT], [ID_INDICATOPC], [VALUE]) VALUES (20, 5, 61, 1)
INSERT [dbo].[OP_MODMDA] ([ID_MODOPERA], [ID_INDICAT], [ID_INDICATOPC], [VALUE]) VALUES (20, 5, 62, 1)
INSERT [dbo].[OP_MODMDA] ([ID_MODOPERA], [ID_INDICAT], [ID_INDICATOPC], [VALUE]) VALUES (20, 5, 63, 1)
INSERT [dbo].[OP_MODMDA] ([ID_MODOPERA], [ID_INDICAT], [ID_INDICATOPC], [VALUE]) VALUES (20, 5, 64, 1)
INSERT [dbo].[OP_MODMDA] ([ID_MODOPERA], [ID_INDICAT], [ID_INDICATOPC], [VALUE]) VALUES (20, 6, 65, 1)
INSERT [dbo].[OP_MODMDA] ([ID_MODOPERA], [ID_INDICAT], [ID_INDICATOPC], [VALUE]) VALUES (20, 6, 66, 1)
INSERT [dbo].[OP_MODMDA] ([ID_MODOPERA], [ID_INDICAT], [ID_INDICATOPC], [VALUE]) VALUES (20, 6, 67, 1)
INSERT [dbo].[OP_MODMDA] ([ID_MODOPERA], [ID_INDICAT], [ID_INDICATOPC], [VALUE]) VALUES (20, 6, 68, 1)
INSERT [dbo].[OP_MODMDA] ([ID_MODOPERA], [ID_INDICAT], [ID_INDICATOPC], [VALUE]) VALUES (20, 6, 69, 1)
INSERT [dbo].[OP_MODMDA] ([ID_MODOPERA], [ID_INDICAT], [ID_INDICATOPC], [VALUE]) VALUES (20, 6, 70, 1)
INSERT [dbo].[OP_MODMDA] ([ID_MODOPERA], [ID_INDICAT], [ID_INDICATOPC], [VALUE]) VALUES (20, 6, 71, 1)
INSERT [dbo].[OP_MODMDA] ([ID_MODOPERA], [ID_INDICAT], [ID_INDICATOPC], [VALUE]) VALUES (20, 6, 72, 1)
INSERT [dbo].[OP_MODMDA] ([ID_MODOPERA], [ID_INDICAT], [ID_INDICATOPC], [VALUE]) VALUES (20, 7, 73, 1)
INSERT [dbo].[OP_MODMDA] ([ID_MODOPERA], [ID_INDICAT], [ID_INDICATOPC], [VALUE]) VALUES (20, 7, 74, 1)
INSERT [dbo].[OP_MODMDA] ([ID_MODOPERA], [ID_INDICAT], [ID_INDICATOPC], [VALUE]) VALUES (20, 7, 75, 1)
INSERT [dbo].[OP_MODMDA] ([ID_MODOPERA], [ID_INDICAT], [ID_INDICATOPC], [VALUE]) VALUES (20, 7, 76, 1)
INSERT [dbo].[OP_MODMDA] ([ID_MODOPERA], [ID_INDICAT], [ID_INDICATOPC], [VALUE]) VALUES (20, 7, 77, 1)
INSERT [dbo].[OP_MODMDA] ([ID_MODOPERA], [ID_INDICAT], [ID_INDICATOPC], [VALUE]) VALUES (20, 7, 78, 1)
INSERT [dbo].[OP_MODMDA] ([ID_MODOPERA], [ID_INDICAT], [ID_INDICATOPC], [VALUE]) VALUES (20, 7, 79, 1)
INSERT [dbo].[OP_MODMDA] ([ID_MODOPERA], [ID_INDICAT], [ID_INDICATOPC], [VALUE]) VALUES (20, 7, 80, 1)
INSERT [dbo].[OP_MODMDA] ([ID_MODOPERA], [ID_INDICAT], [ID_INDICATOPC], [VALUE]) VALUES (20, 8, 81, 1)
INSERT [dbo].[OP_MODMDA] ([ID_MODOPERA], [ID_INDICAT], [ID_INDICATOPC], [VALUE]) VALUES (20, 8, 82, 1)
INSERT [dbo].[OP_MODMDA] ([ID_MODOPERA], [ID_INDICAT], [ID_INDICATOPC], [VALUE]) VALUES (20, 8, 83, 1)
INSERT [dbo].[OP_MODMDA] ([ID_MODOPERA], [ID_INDICAT], [ID_INDICATOPC], [VALUE]) VALUES (20, 8, 84, 0)
INSERT [dbo].[OP_MODMDA] ([ID_MODOPERA], [ID_INDICAT], [ID_INDICATOPC], [VALUE]) VALUES (20, 8, 85, 0)
INSERT [dbo].[OP_MODMDA] ([ID_MODOPERA], [ID_INDICAT], [ID_INDICATOPC], [VALUE]) VALUES (20, 8, 86, 1)
INSERT [dbo].[OP_MODMDA] ([ID_MODOPERA], [ID_INDICAT], [ID_INDICATOPC], [VALUE]) VALUES (20, 8, 87, 0)
INSERT [dbo].[OP_MODMDA] ([ID_MODOPERA], [ID_INDICAT], [ID_INDICATOPC], [VALUE]) VALUES (20, 8, 88, 1)
INSERT [dbo].[OP_MODMDA] ([ID_MODOPERA], [ID_INDICAT], [ID_INDICATOPC], [VALUE]) VALUES (20, 9, 89, 1)
INSERT [dbo].[OP_MODMDA] ([ID_MODOPERA], [ID_INDICAT], [ID_INDICATOPC], [VALUE]) VALUES (20, 9, 90, 1)
INSERT [dbo].[OP_MODMDA] ([ID_MODOPERA], [ID_INDICAT], [ID_INDICATOPC], [VALUE]) VALUES (20, 9, 91, 1)
INSERT [dbo].[OP_MODMDA] ([ID_MODOPERA], [ID_INDICAT], [ID_INDICATOPC], [VALUE]) VALUES (20, 9, 92, 1)
INSERT [dbo].[OP_MODMDA] ([ID_MODOPERA], [ID_INDICAT], [ID_INDICATOPC], [VALUE]) VALUES (20, 9, 93, 1)
INSERT [dbo].[OP_MODMDA] ([ID_MODOPERA], [ID_INDICAT], [ID_INDICATOPC], [VALUE]) VALUES (20, 9, 94, 1)
INSERT [dbo].[OP_MODMDA] ([ID_MODOPERA], [ID_INDICAT], [ID_INDICATOPC], [VALUE]) VALUES (20, 9, 95, 1)
INSERT [dbo].[OP_MODMDA] ([ID_MODOPERA], [ID_INDICAT], [ID_INDICATOPC], [VALUE]) VALUES (20, 9, 96, 1)
INSERT [dbo].[OP_MODMDA] ([ID_MODOPERA], [ID_INDICAT], [ID_INDICATOPC], [VALUE]) VALUES (20, 10, 101, 1)
INSERT [dbo].[OP_MODMDA] ([ID_MODOPERA], [ID_INDICAT], [ID_INDICATOPC], [VALUE]) VALUES (20, 10, 102, 1)
INSERT [dbo].[OP_MODMDA] ([ID_MODOPERA], [ID_INDICAT], [ID_INDICATOPC], [VALUE]) VALUES (20, 10, 103, 1)
INSERT [dbo].[OP_MODMDA] ([ID_MODOPERA], [ID_INDICAT], [ID_INDICATOPC], [VALUE]) VALUES (20, 10, 104, 1)
INSERT [dbo].[OP_MODMDA] ([ID_MODOPERA], [ID_INDICAT], [ID_INDICATOPC], [VALUE]) VALUES (20, 11, 109, 1)
INSERT [dbo].[OP_MODMDA] ([ID_MODOPERA], [ID_INDICAT], [ID_INDICATOPC], [VALUE]) VALUES (20, 11, 110, 1)
INSERT [dbo].[OP_MODMDA] ([ID_MODOPERA], [ID_INDICAT], [ID_INDICATOPC], [VALUE]) VALUES (20, 11, 111, 1)
INSERT [dbo].[OP_MODMDA] ([ID_MODOPERA], [ID_INDICAT], [ID_INDICATOPC], [VALUE]) VALUES (20, 11, 112, 1)
INSERT [dbo].[OP_MODMDA] ([ID_MODOPERA], [ID_INDICAT], [ID_INDICATOPC], [VALUE]) VALUES (20, 12, 117, 1)
INSERT [dbo].[OP_MODMDA] ([ID_MODOPERA], [ID_INDICAT], [ID_INDICATOPC], [VALUE]) VALUES (20, 12, 118, 1)
INSERT [dbo].[OP_MODMDA] ([ID_MODOPERA], [ID_INDICAT], [ID_INDICATOPC], [VALUE]) VALUES (20, 12, 119, 1)
INSERT [dbo].[OP_MODMDA] ([ID_MODOPERA], [ID_INDICAT], [ID_INDICATOPC], [VALUE]) VALUES (20, 12, 120, 1)
INSERT [dbo].[OP_MODMDA] ([ID_MODOPERA], [ID_INDICAT], [ID_INDICATOPC], [VALUE]) VALUES (20, 13, 128, 1)
INSERT [dbo].[OP_MODMDA] ([ID_MODOPERA], [ID_INDICAT], [ID_INDICATOPC], [VALUE]) VALUES (20, 14, 129, 0)
INSERT [dbo].[OP_MODMDA] ([ID_MODOPERA], [ID_INDICAT], [ID_INDICATOPC], [VALUE]) VALUES (20, 14, 130, 0)
INSERT [dbo].[OP_MODMDA] ([ID_MODOPERA], [ID_INDICAT], [ID_INDICATOPC], [VALUE]) VALUES (20, 14, 131, 1)
INSERT [dbo].[OP_MODMDA] ([ID_MODOPERA], [ID_INDICAT], [ID_INDICATOPC], [VALUE]) VALUES (20, 14, 132, 1)
INSERT [dbo].[OP_MODMDA] ([ID_MODOPERA], [ID_INDICAT], [ID_INDICATOPC], [VALUE]) VALUES (20, 14, 133, 1)
INSERT [dbo].[OP_MODMDA] ([ID_MODOPERA], [ID_INDICAT], [ID_INDICATOPC], [VALUE]) VALUES (20, 14, 134, 1)
INSERT [dbo].[OP_MODMDA] ([ID_MODOPERA], [ID_INDICAT], [ID_INDICATOPC], [VALUE]) VALUES (20, 14, 135, 1)
INSERT [dbo].[OP_MODMDA] ([ID_MODOPERA], [ID_INDICAT], [ID_INDICATOPC], [VALUE]) VALUES (20, 14, 136, 1)
INSERT [dbo].[OP_MODMDA] ([ID_MODOPERA], [ID_INDICAT], [ID_INDICATOPC], [VALUE]) VALUES (20, 15, 137, 1)
INSERT [dbo].[OP_MODMDA] ([ID_MODOPERA], [ID_INDICAT], [ID_INDICATOPC], [VALUE]) VALUES (20, 15, 138, 1)
INSERT [dbo].[OP_MODMDA] ([ID_MODOPERA], [ID_INDICAT], [ID_INDICATOPC], [VALUE]) VALUES (20, 15, 139, 1)
INSERT [dbo].[OP_MODMDA] ([ID_MODOPERA], [ID_INDICAT], [ID_INDICATOPC], [VALUE]) VALUES (20, 15, 140, 1)
INSERT [dbo].[OP_MODMDA] ([ID_MODOPERA], [ID_INDICAT], [ID_INDICATOPC], [VALUE]) VALUES (20, 15, 141, 1)
INSERT [dbo].[OP_MODMDA] ([ID_MODOPERA], [ID_INDICAT], [ID_INDICATOPC], [VALUE]) VALUES (20, 15, 142, 1)
INSERT [dbo].[OP_MODMDA] ([ID_MODOPERA], [ID_INDICAT], [ID_INDICATOPC], [VALUE]) VALUES (20, 15, 143, 1)
INSERT [dbo].[OP_MODMDA] ([ID_MODOPERA], [ID_INDICAT], [ID_INDICATOPC], [VALUE]) VALUES (20, 15, 144, 1)
INSERT [dbo].[OP_MODMDA] ([ID_MODOPERA], [ID_INDICAT], [ID_INDICATOPC], [VALUE]) VALUES (20, 16, 145, 1)
INSERT [dbo].[OP_MODMDA] ([ID_MODOPERA], [ID_INDICAT], [ID_INDICATOPC], [VALUE]) VALUES (20, 16, 146, 1)
INSERT [dbo].[OP_MODMDA] ([ID_MODOPERA], [ID_INDICAT], [ID_INDICATOPC], [VALUE]) VALUES (20, 16, 147, 0)
INSERT [dbo].[OP_MODMDA] ([ID_MODOPERA], [ID_INDICAT], [ID_INDICATOPC], [VALUE]) VALUES (20, 16, 148, 1)
INSERT [dbo].[OP_MODMDA] ([ID_MODOPERA], [ID_INDICAT], [ID_INDICATOPC], [VALUE]) VALUES (20, 16, 149, 1)
INSERT [dbo].[OP_MODMDA] ([ID_MODOPERA], [ID_INDICAT], [ID_INDICATOPC], [VALUE]) VALUES (20, 16, 150, 1)
INSERT [dbo].[OP_MODMDA] ([ID_MODOPERA], [ID_INDICAT], [ID_INDICATOPC], [VALUE]) VALUES (20, 16, 151, 1)
INSERT [dbo].[OP_MODMDA] ([ID_MODOPERA], [ID_INDICAT], [ID_INDICATOPC], [VALUE]) VALUES (20, 16, 152, 1)
INSERT [dbo].[OP_MODMDA] ([ID_MODOPERA], [ID_INDICAT], [ID_INDICATOPC], [VALUE]) VALUES (20, 17, 97, 1)
INSERT [dbo].[OP_MODMDA] ([ID_MODOPERA], [ID_INDICAT], [ID_INDICATOPC], [VALUE]) VALUES (20, 17, 98, 1)
INSERT [dbo].[OP_MODMDA] ([ID_MODOPERA], [ID_INDICAT], [ID_INDICATOPC], [VALUE]) VALUES (20, 17, 99, 1)
INSERT [dbo].[OP_MODMDA] ([ID_MODOPERA], [ID_INDICAT], [ID_INDICATOPC], [VALUE]) VALUES (20, 17, 100, 1)
INSERT [dbo].[OP_MODMDA] ([ID_MODOPERA], [ID_INDICAT], [ID_INDICATOPC], [VALUE]) VALUES (20, 18, 105, 1)
INSERT [dbo].[OP_MODMDA] ([ID_MODOPERA], [ID_INDICAT], [ID_INDICATOPC], [VALUE]) VALUES (20, 18, 106, 1)
INSERT [dbo].[OP_MODMDA] ([ID_MODOPERA], [ID_INDICAT], [ID_INDICATOPC], [VALUE]) VALUES (20, 18, 107, 1)
INSERT [dbo].[OP_MODMDA] ([ID_MODOPERA], [ID_INDICAT], [ID_INDICATOPC], [VALUE]) VALUES (20, 18, 116, 1)
INSERT [dbo].[OP_MODMDA] ([ID_MODOPERA], [ID_INDICAT], [ID_INDICATOPC], [VALUE]) VALUES (20, 19, 108, 1)
INSERT [dbo].[OP_MODMDA] ([ID_MODOPERA], [ID_INDICAT], [ID_INDICATOPC], [VALUE]) VALUES (20, 19, 113, 1)
INSERT [dbo].[OP_MODMDA] ([ID_MODOPERA], [ID_INDICAT], [ID_INDICATOPC], [VALUE]) VALUES (20, 19, 114, 1)
INSERT [dbo].[OP_MODMDA] ([ID_MODOPERA], [ID_INDICAT], [ID_INDICATOPC], [VALUE]) VALUES (20, 19, 115, 1)
INSERT [dbo].[OP_MODMDA] ([ID_MODOPERA], [ID_INDICAT], [ID_INDICATOPC], [VALUE]) VALUES (20, 20, 121, 0)
INSERT [dbo].[OP_MODMDA] ([ID_MODOPERA], [ID_INDICAT], [ID_INDICATOPC], [VALUE]) VALUES (20, 20, 122, 0)
INSERT [dbo].[OP_MODMDA] ([ID_MODOPERA], [ID_INDICAT], [ID_INDICATOPC], [VALUE]) VALUES (20, 20, 123, 0)
GO
INSERT [dbo].[OP_MODMDA] ([ID_MODOPERA], [ID_INDICAT], [ID_INDICATOPC], [VALUE]) VALUES (20, 20, 124, 0)
INSERT [dbo].[OP_MODMDA] ([ID_MODOPERA], [ID_INDICAT], [ID_INDICATOPC], [VALUE]) VALUES (20, 20, 125, 0)
INSERT [dbo].[OP_MODMDA] ([ID_MODOPERA], [ID_INDICAT], [ID_INDICATOPC], [VALUE]) VALUES (20, 20, 126, 0)
INSERT [dbo].[OP_MODMDA] ([ID_MODOPERA], [ID_INDICAT], [ID_INDICATOPC], [VALUE]) VALUES (20, 20, 127, 0)
INSERT [dbo].[OP_MODMDA] ([ID_MODOPERA], [ID_INDICAT], [ID_INDICATOPC], [VALUE]) VALUES (30, 0, 1, 0)
INSERT [dbo].[OP_MODMDA] ([ID_MODOPERA], [ID_INDICAT], [ID_INDICATOPC], [VALUE]) VALUES (30, 0, 2, 0)
INSERT [dbo].[OP_MODMDA] ([ID_MODOPERA], [ID_INDICAT], [ID_INDICATOPC], [VALUE]) VALUES (30, 0, 3, 0)
INSERT [dbo].[OP_MODMDA] ([ID_MODOPERA], [ID_INDICAT], [ID_INDICATOPC], [VALUE]) VALUES (30, 0, 4, 0)
INSERT [dbo].[OP_MODMDA] ([ID_MODOPERA], [ID_INDICAT], [ID_INDICATOPC], [VALUE]) VALUES (30, 0, 5, 1)
INSERT [dbo].[OP_MODMDA] ([ID_MODOPERA], [ID_INDICAT], [ID_INDICATOPC], [VALUE]) VALUES (30, 0, 6, 1)
INSERT [dbo].[OP_MODMDA] ([ID_MODOPERA], [ID_INDICAT], [ID_INDICATOPC], [VALUE]) VALUES (30, 0, 7, 0)
INSERT [dbo].[OP_MODMDA] ([ID_MODOPERA], [ID_INDICAT], [ID_INDICATOPC], [VALUE]) VALUES (30, 0, 8, 0)
INSERT [dbo].[OP_MODMDA] ([ID_MODOPERA], [ID_INDICAT], [ID_INDICATOPC], [VALUE]) VALUES (30, 0, 9, 0)
INSERT [dbo].[OP_MODMDA] ([ID_MODOPERA], [ID_INDICAT], [ID_INDICATOPC], [VALUE]) VALUES (30, 0, 10, 1)
INSERT [dbo].[OP_MODMDA] ([ID_MODOPERA], [ID_INDICAT], [ID_INDICATOPC], [VALUE]) VALUES (30, 0, 11, 1)
INSERT [dbo].[OP_MODMDA] ([ID_MODOPERA], [ID_INDICAT], [ID_INDICATOPC], [VALUE]) VALUES (30, 0, 12, 1)
INSERT [dbo].[OP_MODMDA] ([ID_MODOPERA], [ID_INDICAT], [ID_INDICATOPC], [VALUE]) VALUES (30, 0, 13, 1)
INSERT [dbo].[OP_MODMDA] ([ID_MODOPERA], [ID_INDICAT], [ID_INDICATOPC], [VALUE]) VALUES (30, 0, 14, 1)
INSERT [dbo].[OP_MODMDA] ([ID_MODOPERA], [ID_INDICAT], [ID_INDICATOPC], [VALUE]) VALUES (30, 0, 15, 1)
INSERT [dbo].[OP_MODMDA] ([ID_MODOPERA], [ID_INDICAT], [ID_INDICATOPC], [VALUE]) VALUES (30, 0, 16, 1)
INSERT [dbo].[OP_MODMDA] ([ID_MODOPERA], [ID_INDICAT], [ID_INDICATOPC], [VALUE]) VALUES (30, 1, 17, 1)
INSERT [dbo].[OP_MODMDA] ([ID_MODOPERA], [ID_INDICAT], [ID_INDICATOPC], [VALUE]) VALUES (30, 1, 18, 0)
INSERT [dbo].[OP_MODMDA] ([ID_MODOPERA], [ID_INDICAT], [ID_INDICATOPC], [VALUE]) VALUES (30, 1, 19, 1)
INSERT [dbo].[OP_MODMDA] ([ID_MODOPERA], [ID_INDICAT], [ID_INDICATOPC], [VALUE]) VALUES (30, 1, 20, 0)
INSERT [dbo].[OP_MODMDA] ([ID_MODOPERA], [ID_INDICAT], [ID_INDICATOPC], [VALUE]) VALUES (30, 1, 21, 0)
INSERT [dbo].[OP_MODMDA] ([ID_MODOPERA], [ID_INDICAT], [ID_INDICATOPC], [VALUE]) VALUES (30, 1, 22, 0)
INSERT [dbo].[OP_MODMDA] ([ID_MODOPERA], [ID_INDICAT], [ID_INDICATOPC], [VALUE]) VALUES (30, 1, 23, 0)
INSERT [dbo].[OP_MODMDA] ([ID_MODOPERA], [ID_INDICAT], [ID_INDICATOPC], [VALUE]) VALUES (30, 1, 24, 0)
INSERT [dbo].[OP_MODMDA] ([ID_MODOPERA], [ID_INDICAT], [ID_INDICATOPC], [VALUE]) VALUES (30, 1, 25, 1)
INSERT [dbo].[OP_MODMDA] ([ID_MODOPERA], [ID_INDICAT], [ID_INDICATOPC], [VALUE]) VALUES (30, 1, 26, 1)
INSERT [dbo].[OP_MODMDA] ([ID_MODOPERA], [ID_INDICAT], [ID_INDICATOPC], [VALUE]) VALUES (30, 1, 27, 1)
INSERT [dbo].[OP_MODMDA] ([ID_MODOPERA], [ID_INDICAT], [ID_INDICATOPC], [VALUE]) VALUES (30, 1, 28, 1)
INSERT [dbo].[OP_MODMDA] ([ID_MODOPERA], [ID_INDICAT], [ID_INDICATOPC], [VALUE]) VALUES (30, 1, 29, 1)
INSERT [dbo].[OP_MODMDA] ([ID_MODOPERA], [ID_INDICAT], [ID_INDICATOPC], [VALUE]) VALUES (30, 1, 30, 1)
INSERT [dbo].[OP_MODMDA] ([ID_MODOPERA], [ID_INDICAT], [ID_INDICATOPC], [VALUE]) VALUES (30, 1, 31, 1)
INSERT [dbo].[OP_MODMDA] ([ID_MODOPERA], [ID_INDICAT], [ID_INDICATOPC], [VALUE]) VALUES (30, 1, 32, 1)
INSERT [dbo].[OP_MODMDA] ([ID_MODOPERA], [ID_INDICAT], [ID_INDICATOPC], [VALUE]) VALUES (30, 2, 33, 0)
INSERT [dbo].[OP_MODMDA] ([ID_MODOPERA], [ID_INDICAT], [ID_INDICATOPC], [VALUE]) VALUES (30, 2, 34, 0)
INSERT [dbo].[OP_MODMDA] ([ID_MODOPERA], [ID_INDICAT], [ID_INDICATOPC], [VALUE]) VALUES (30, 2, 35, 0)
INSERT [dbo].[OP_MODMDA] ([ID_MODOPERA], [ID_INDICAT], [ID_INDICATOPC], [VALUE]) VALUES (30, 2, 36, 0)
INSERT [dbo].[OP_MODMDA] ([ID_MODOPERA], [ID_INDICAT], [ID_INDICATOPC], [VALUE]) VALUES (30, 2, 37, 0)
INSERT [dbo].[OP_MODMDA] ([ID_MODOPERA], [ID_INDICAT], [ID_INDICATOPC], [VALUE]) VALUES (30, 2, 38, 0)
INSERT [dbo].[OP_MODMDA] ([ID_MODOPERA], [ID_INDICAT], [ID_INDICATOPC], [VALUE]) VALUES (30, 2, 39, 0)
INSERT [dbo].[OP_MODMDA] ([ID_MODOPERA], [ID_INDICAT], [ID_INDICATOPC], [VALUE]) VALUES (30, 2, 40, 0)
INSERT [dbo].[OP_MODMDA] ([ID_MODOPERA], [ID_INDICAT], [ID_INDICATOPC], [VALUE]) VALUES (30, 3, 41, 0)
INSERT [dbo].[OP_MODMDA] ([ID_MODOPERA], [ID_INDICAT], [ID_INDICATOPC], [VALUE]) VALUES (30, 3, 42, 1)
INSERT [dbo].[OP_MODMDA] ([ID_MODOPERA], [ID_INDICAT], [ID_INDICATOPC], [VALUE]) VALUES (30, 3, 43, 1)
INSERT [dbo].[OP_MODMDA] ([ID_MODOPERA], [ID_INDICAT], [ID_INDICATOPC], [VALUE]) VALUES (30, 3, 44, 1)
INSERT [dbo].[OP_MODMDA] ([ID_MODOPERA], [ID_INDICAT], [ID_INDICATOPC], [VALUE]) VALUES (30, 3, 45, 1)
INSERT [dbo].[OP_MODMDA] ([ID_MODOPERA], [ID_INDICAT], [ID_INDICATOPC], [VALUE]) VALUES (30, 3, 46, 1)
INSERT [dbo].[OP_MODMDA] ([ID_MODOPERA], [ID_INDICAT], [ID_INDICATOPC], [VALUE]) VALUES (30, 3, 47, 1)
INSERT [dbo].[OP_MODMDA] ([ID_MODOPERA], [ID_INDICAT], [ID_INDICATOPC], [VALUE]) VALUES (30, 3, 48, 1)
INSERT [dbo].[OP_MODMDA] ([ID_MODOPERA], [ID_INDICAT], [ID_INDICATOPC], [VALUE]) VALUES (30, 4, 49, 0)
INSERT [dbo].[OP_MODMDA] ([ID_MODOPERA], [ID_INDICAT], [ID_INDICATOPC], [VALUE]) VALUES (30, 4, 50, 0)
INSERT [dbo].[OP_MODMDA] ([ID_MODOPERA], [ID_INDICAT], [ID_INDICATOPC], [VALUE]) VALUES (30, 4, 51, 0)
INSERT [dbo].[OP_MODMDA] ([ID_MODOPERA], [ID_INDICAT], [ID_INDICATOPC], [VALUE]) VALUES (30, 4, 52, 0)
INSERT [dbo].[OP_MODMDA] ([ID_MODOPERA], [ID_INDICAT], [ID_INDICATOPC], [VALUE]) VALUES (30, 4, 53, 0)
INSERT [dbo].[OP_MODMDA] ([ID_MODOPERA], [ID_INDICAT], [ID_INDICATOPC], [VALUE]) VALUES (30, 4, 54, 0)
INSERT [dbo].[OP_MODMDA] ([ID_MODOPERA], [ID_INDICAT], [ID_INDICATOPC], [VALUE]) VALUES (30, 4, 55, 0)
INSERT [dbo].[OP_MODMDA] ([ID_MODOPERA], [ID_INDICAT], [ID_INDICATOPC], [VALUE]) VALUES (30, 4, 56, 0)
INSERT [dbo].[OP_MODMDA] ([ID_MODOPERA], [ID_INDICAT], [ID_INDICATOPC], [VALUE]) VALUES (30, 5, 57, 0)
INSERT [dbo].[OP_MODMDA] ([ID_MODOPERA], [ID_INDICAT], [ID_INDICATOPC], [VALUE]) VALUES (30, 5, 58, 0)
INSERT [dbo].[OP_MODMDA] ([ID_MODOPERA], [ID_INDICAT], [ID_INDICATOPC], [VALUE]) VALUES (30, 5, 59, 0)
INSERT [dbo].[OP_MODMDA] ([ID_MODOPERA], [ID_INDICAT], [ID_INDICATOPC], [VALUE]) VALUES (30, 5, 60, 0)
INSERT [dbo].[OP_MODMDA] ([ID_MODOPERA], [ID_INDICAT], [ID_INDICATOPC], [VALUE]) VALUES (30, 5, 61, 0)
INSERT [dbo].[OP_MODMDA] ([ID_MODOPERA], [ID_INDICAT], [ID_INDICATOPC], [VALUE]) VALUES (30, 5, 62, 0)
INSERT [dbo].[OP_MODMDA] ([ID_MODOPERA], [ID_INDICAT], [ID_INDICATOPC], [VALUE]) VALUES (30, 5, 63, 0)
INSERT [dbo].[OP_MODMDA] ([ID_MODOPERA], [ID_INDICAT], [ID_INDICATOPC], [VALUE]) VALUES (30, 5, 64, 0)
INSERT [dbo].[OP_MODMDA] ([ID_MODOPERA], [ID_INDICAT], [ID_INDICATOPC], [VALUE]) VALUES (30, 6, 65, 0)
INSERT [dbo].[OP_MODMDA] ([ID_MODOPERA], [ID_INDICAT], [ID_INDICATOPC], [VALUE]) VALUES (30, 6, 66, 0)
INSERT [dbo].[OP_MODMDA] ([ID_MODOPERA], [ID_INDICAT], [ID_INDICATOPC], [VALUE]) VALUES (30, 6, 67, 0)
INSERT [dbo].[OP_MODMDA] ([ID_MODOPERA], [ID_INDICAT], [ID_INDICATOPC], [VALUE]) VALUES (30, 6, 68, 0)
INSERT [dbo].[OP_MODMDA] ([ID_MODOPERA], [ID_INDICAT], [ID_INDICATOPC], [VALUE]) VALUES (30, 6, 69, 0)
INSERT [dbo].[OP_MODMDA] ([ID_MODOPERA], [ID_INDICAT], [ID_INDICATOPC], [VALUE]) VALUES (30, 6, 70, 0)
INSERT [dbo].[OP_MODMDA] ([ID_MODOPERA], [ID_INDICAT], [ID_INDICATOPC], [VALUE]) VALUES (30, 6, 71, 0)
INSERT [dbo].[OP_MODMDA] ([ID_MODOPERA], [ID_INDICAT], [ID_INDICATOPC], [VALUE]) VALUES (30, 6, 72, 0)
INSERT [dbo].[OP_MODMDA] ([ID_MODOPERA], [ID_INDICAT], [ID_INDICATOPC], [VALUE]) VALUES (30, 7, 73, 0)
INSERT [dbo].[OP_MODMDA] ([ID_MODOPERA], [ID_INDICAT], [ID_INDICATOPC], [VALUE]) VALUES (30, 7, 74, 0)
INSERT [dbo].[OP_MODMDA] ([ID_MODOPERA], [ID_INDICAT], [ID_INDICATOPC], [VALUE]) VALUES (30, 7, 75, 0)
INSERT [dbo].[OP_MODMDA] ([ID_MODOPERA], [ID_INDICAT], [ID_INDICATOPC], [VALUE]) VALUES (30, 7, 76, 0)
INSERT [dbo].[OP_MODMDA] ([ID_MODOPERA], [ID_INDICAT], [ID_INDICATOPC], [VALUE]) VALUES (30, 7, 77, 0)
INSERT [dbo].[OP_MODMDA] ([ID_MODOPERA], [ID_INDICAT], [ID_INDICATOPC], [VALUE]) VALUES (30, 7, 78, 0)
INSERT [dbo].[OP_MODMDA] ([ID_MODOPERA], [ID_INDICAT], [ID_INDICATOPC], [VALUE]) VALUES (30, 7, 79, 0)
INSERT [dbo].[OP_MODMDA] ([ID_MODOPERA], [ID_INDICAT], [ID_INDICATOPC], [VALUE]) VALUES (30, 7, 80, 0)
INSERT [dbo].[OP_MODMDA] ([ID_MODOPERA], [ID_INDICAT], [ID_INDICATOPC], [VALUE]) VALUES (30, 8, 81, 0)
INSERT [dbo].[OP_MODMDA] ([ID_MODOPERA], [ID_INDICAT], [ID_INDICATOPC], [VALUE]) VALUES (30, 8, 82, 0)
INSERT [dbo].[OP_MODMDA] ([ID_MODOPERA], [ID_INDICAT], [ID_INDICATOPC], [VALUE]) VALUES (30, 8, 83, 0)
INSERT [dbo].[OP_MODMDA] ([ID_MODOPERA], [ID_INDICAT], [ID_INDICATOPC], [VALUE]) VALUES (30, 8, 84, 0)
INSERT [dbo].[OP_MODMDA] ([ID_MODOPERA], [ID_INDICAT], [ID_INDICATOPC], [VALUE]) VALUES (30, 8, 85, 0)
INSERT [dbo].[OP_MODMDA] ([ID_MODOPERA], [ID_INDICAT], [ID_INDICATOPC], [VALUE]) VALUES (30, 8, 86, 0)
INSERT [dbo].[OP_MODMDA] ([ID_MODOPERA], [ID_INDICAT], [ID_INDICATOPC], [VALUE]) VALUES (30, 8, 87, 0)
INSERT [dbo].[OP_MODMDA] ([ID_MODOPERA], [ID_INDICAT], [ID_INDICATOPC], [VALUE]) VALUES (30, 8, 88, 0)
INSERT [dbo].[OP_MODMDA] ([ID_MODOPERA], [ID_INDICAT], [ID_INDICATOPC], [VALUE]) VALUES (30, 9, 89, 0)
INSERT [dbo].[OP_MODMDA] ([ID_MODOPERA], [ID_INDICAT], [ID_INDICATOPC], [VALUE]) VALUES (30, 9, 90, 0)
INSERT [dbo].[OP_MODMDA] ([ID_MODOPERA], [ID_INDICAT], [ID_INDICATOPC], [VALUE]) VALUES (30, 9, 91, 0)
INSERT [dbo].[OP_MODMDA] ([ID_MODOPERA], [ID_INDICAT], [ID_INDICATOPC], [VALUE]) VALUES (30, 9, 92, 0)
INSERT [dbo].[OP_MODMDA] ([ID_MODOPERA], [ID_INDICAT], [ID_INDICATOPC], [VALUE]) VALUES (30, 9, 93, 0)
INSERT [dbo].[OP_MODMDA] ([ID_MODOPERA], [ID_INDICAT], [ID_INDICATOPC], [VALUE]) VALUES (30, 9, 94, 0)
INSERT [dbo].[OP_MODMDA] ([ID_MODOPERA], [ID_INDICAT], [ID_INDICATOPC], [VALUE]) VALUES (30, 9, 95, 0)
INSERT [dbo].[OP_MODMDA] ([ID_MODOPERA], [ID_INDICAT], [ID_INDICATOPC], [VALUE]) VALUES (30, 9, 96, 0)
GO
INSERT [dbo].[OP_MODMDA] ([ID_MODOPERA], [ID_INDICAT], [ID_INDICATOPC], [VALUE]) VALUES (30, 10, 101, 0)
INSERT [dbo].[OP_MODMDA] ([ID_MODOPERA], [ID_INDICAT], [ID_INDICATOPC], [VALUE]) VALUES (30, 10, 102, 0)
INSERT [dbo].[OP_MODMDA] ([ID_MODOPERA], [ID_INDICAT], [ID_INDICATOPC], [VALUE]) VALUES (30, 10, 103, 0)
INSERT [dbo].[OP_MODMDA] ([ID_MODOPERA], [ID_INDICAT], [ID_INDICATOPC], [VALUE]) VALUES (30, 10, 104, 0)
INSERT [dbo].[OP_MODMDA] ([ID_MODOPERA], [ID_INDICAT], [ID_INDICATOPC], [VALUE]) VALUES (30, 11, 109, 0)
INSERT [dbo].[OP_MODMDA] ([ID_MODOPERA], [ID_INDICAT], [ID_INDICATOPC], [VALUE]) VALUES (30, 11, 110, 0)
INSERT [dbo].[OP_MODMDA] ([ID_MODOPERA], [ID_INDICAT], [ID_INDICATOPC], [VALUE]) VALUES (30, 11, 111, 0)
INSERT [dbo].[OP_MODMDA] ([ID_MODOPERA], [ID_INDICAT], [ID_INDICATOPC], [VALUE]) VALUES (30, 11, 112, 0)
INSERT [dbo].[OP_MODMDA] ([ID_MODOPERA], [ID_INDICAT], [ID_INDICATOPC], [VALUE]) VALUES (30, 12, 117, 0)
INSERT [dbo].[OP_MODMDA] ([ID_MODOPERA], [ID_INDICAT], [ID_INDICATOPC], [VALUE]) VALUES (30, 12, 118, 0)
INSERT [dbo].[OP_MODMDA] ([ID_MODOPERA], [ID_INDICAT], [ID_INDICATOPC], [VALUE]) VALUES (30, 12, 119, 0)
INSERT [dbo].[OP_MODMDA] ([ID_MODOPERA], [ID_INDICAT], [ID_INDICATOPC], [VALUE]) VALUES (30, 12, 120, 0)
INSERT [dbo].[OP_MODMDA] ([ID_MODOPERA], [ID_INDICAT], [ID_INDICATOPC], [VALUE]) VALUES (30, 13, 128, 0)
INSERT [dbo].[OP_MODMDA] ([ID_MODOPERA], [ID_INDICAT], [ID_INDICATOPC], [VALUE]) VALUES (30, 14, 129, 0)
INSERT [dbo].[OP_MODMDA] ([ID_MODOPERA], [ID_INDICAT], [ID_INDICATOPC], [VALUE]) VALUES (30, 14, 130, 0)
INSERT [dbo].[OP_MODMDA] ([ID_MODOPERA], [ID_INDICAT], [ID_INDICATOPC], [VALUE]) VALUES (30, 14, 131, 0)
INSERT [dbo].[OP_MODMDA] ([ID_MODOPERA], [ID_INDICAT], [ID_INDICATOPC], [VALUE]) VALUES (30, 14, 132, 0)
INSERT [dbo].[OP_MODMDA] ([ID_MODOPERA], [ID_INDICAT], [ID_INDICATOPC], [VALUE]) VALUES (30, 14, 133, 0)
INSERT [dbo].[OP_MODMDA] ([ID_MODOPERA], [ID_INDICAT], [ID_INDICATOPC], [VALUE]) VALUES (30, 14, 134, 0)
INSERT [dbo].[OP_MODMDA] ([ID_MODOPERA], [ID_INDICAT], [ID_INDICATOPC], [VALUE]) VALUES (30, 14, 135, 0)
INSERT [dbo].[OP_MODMDA] ([ID_MODOPERA], [ID_INDICAT], [ID_INDICATOPC], [VALUE]) VALUES (30, 14, 136, 0)
INSERT [dbo].[OP_MODMDA] ([ID_MODOPERA], [ID_INDICAT], [ID_INDICATOPC], [VALUE]) VALUES (30, 15, 137, 0)
INSERT [dbo].[OP_MODMDA] ([ID_MODOPERA], [ID_INDICAT], [ID_INDICATOPC], [VALUE]) VALUES (30, 15, 138, 0)
INSERT [dbo].[OP_MODMDA] ([ID_MODOPERA], [ID_INDICAT], [ID_INDICATOPC], [VALUE]) VALUES (30, 15, 139, 0)
INSERT [dbo].[OP_MODMDA] ([ID_MODOPERA], [ID_INDICAT], [ID_INDICATOPC], [VALUE]) VALUES (30, 15, 140, 0)
INSERT [dbo].[OP_MODMDA] ([ID_MODOPERA], [ID_INDICAT], [ID_INDICATOPC], [VALUE]) VALUES (30, 15, 141, 0)
INSERT [dbo].[OP_MODMDA] ([ID_MODOPERA], [ID_INDICAT], [ID_INDICATOPC], [VALUE]) VALUES (30, 15, 142, 0)
INSERT [dbo].[OP_MODMDA] ([ID_MODOPERA], [ID_INDICAT], [ID_INDICATOPC], [VALUE]) VALUES (30, 15, 143, 0)
INSERT [dbo].[OP_MODMDA] ([ID_MODOPERA], [ID_INDICAT], [ID_INDICATOPC], [VALUE]) VALUES (30, 15, 144, 0)
INSERT [dbo].[OP_MODMDA] ([ID_MODOPERA], [ID_INDICAT], [ID_INDICATOPC], [VALUE]) VALUES (30, 16, 145, 0)
INSERT [dbo].[OP_MODMDA] ([ID_MODOPERA], [ID_INDICAT], [ID_INDICATOPC], [VALUE]) VALUES (30, 16, 146, 0)
INSERT [dbo].[OP_MODMDA] ([ID_MODOPERA], [ID_INDICAT], [ID_INDICATOPC], [VALUE]) VALUES (30, 16, 147, 0)
INSERT [dbo].[OP_MODMDA] ([ID_MODOPERA], [ID_INDICAT], [ID_INDICATOPC], [VALUE]) VALUES (30, 16, 148, 0)
INSERT [dbo].[OP_MODMDA] ([ID_MODOPERA], [ID_INDICAT], [ID_INDICATOPC], [VALUE]) VALUES (30, 16, 149, 0)
INSERT [dbo].[OP_MODMDA] ([ID_MODOPERA], [ID_INDICAT], [ID_INDICATOPC], [VALUE]) VALUES (30, 16, 150, 0)
INSERT [dbo].[OP_MODMDA] ([ID_MODOPERA], [ID_INDICAT], [ID_INDICATOPC], [VALUE]) VALUES (30, 16, 151, 0)
INSERT [dbo].[OP_MODMDA] ([ID_MODOPERA], [ID_INDICAT], [ID_INDICATOPC], [VALUE]) VALUES (30, 16, 152, 0)
INSERT [dbo].[OP_MODMDA] ([ID_MODOPERA], [ID_INDICAT], [ID_INDICATOPC], [VALUE]) VALUES (30, 17, 97, 0)
INSERT [dbo].[OP_MODMDA] ([ID_MODOPERA], [ID_INDICAT], [ID_INDICATOPC], [VALUE]) VALUES (30, 17, 98, 0)
INSERT [dbo].[OP_MODMDA] ([ID_MODOPERA], [ID_INDICAT], [ID_INDICATOPC], [VALUE]) VALUES (30, 17, 99, 0)
INSERT [dbo].[OP_MODMDA] ([ID_MODOPERA], [ID_INDICAT], [ID_INDICATOPC], [VALUE]) VALUES (30, 17, 100, 0)
INSERT [dbo].[OP_MODMDA] ([ID_MODOPERA], [ID_INDICAT], [ID_INDICATOPC], [VALUE]) VALUES (30, 18, 105, 0)
INSERT [dbo].[OP_MODMDA] ([ID_MODOPERA], [ID_INDICAT], [ID_INDICATOPC], [VALUE]) VALUES (30, 18, 106, 0)
INSERT [dbo].[OP_MODMDA] ([ID_MODOPERA], [ID_INDICAT], [ID_INDICATOPC], [VALUE]) VALUES (30, 18, 107, 0)
INSERT [dbo].[OP_MODMDA] ([ID_MODOPERA], [ID_INDICAT], [ID_INDICATOPC], [VALUE]) VALUES (30, 18, 116, 0)
INSERT [dbo].[OP_MODMDA] ([ID_MODOPERA], [ID_INDICAT], [ID_INDICATOPC], [VALUE]) VALUES (30, 19, 108, 0)
INSERT [dbo].[OP_MODMDA] ([ID_MODOPERA], [ID_INDICAT], [ID_INDICATOPC], [VALUE]) VALUES (30, 19, 113, 0)
INSERT [dbo].[OP_MODMDA] ([ID_MODOPERA], [ID_INDICAT], [ID_INDICATOPC], [VALUE]) VALUES (30, 19, 114, 0)
INSERT [dbo].[OP_MODMDA] ([ID_MODOPERA], [ID_INDICAT], [ID_INDICATOPC], [VALUE]) VALUES (30, 19, 115, 0)
INSERT [dbo].[OP_MODMDA] ([ID_MODOPERA], [ID_INDICAT], [ID_INDICATOPC], [VALUE]) VALUES (30, 20, 121, 0)
INSERT [dbo].[OP_MODMDA] ([ID_MODOPERA], [ID_INDICAT], [ID_INDICATOPC], [VALUE]) VALUES (30, 20, 122, 0)
INSERT [dbo].[OP_MODMDA] ([ID_MODOPERA], [ID_INDICAT], [ID_INDICATOPC], [VALUE]) VALUES (30, 20, 123, 0)
INSERT [dbo].[OP_MODMDA] ([ID_MODOPERA], [ID_INDICAT], [ID_INDICATOPC], [VALUE]) VALUES (30, 20, 124, 0)
INSERT [dbo].[OP_MODMDA] ([ID_MODOPERA], [ID_INDICAT], [ID_INDICATOPC], [VALUE]) VALUES (30, 20, 125, 0)
INSERT [dbo].[OP_MODMDA] ([ID_MODOPERA], [ID_INDICAT], [ID_INDICATOPC], [VALUE]) VALUES (30, 20, 126, 0)
INSERT [dbo].[OP_MODMDA] ([ID_MODOPERA], [ID_INDICAT], [ID_INDICATOPC], [VALUE]) VALUES (30, 20, 127, 0)
INSERT [dbo].[OP_MODNVA] ([ID_MODOPERA], [ID_NVLAUTO], [VALUE]) VALUES (10, 1, N'N')
INSERT [dbo].[OP_MODNVA] ([ID_MODOPERA], [ID_NVLAUTO], [VALUE]) VALUES (10, 2, N'N')
INSERT [dbo].[OP_MODNVA] ([ID_MODOPERA], [ID_NVLAUTO], [VALUE]) VALUES (10, 3, N'N')
INSERT [dbo].[OP_MODNVA] ([ID_MODOPERA], [ID_NVLAUTO], [VALUE]) VALUES (10, 4, N'N')
INSERT [dbo].[OP_MODNVA] ([ID_MODOPERA], [ID_NVLAUTO], [VALUE]) VALUES (10, 5, N'N')
INSERT [dbo].[OP_MODNVA] ([ID_MODOPERA], [ID_NVLAUTO], [VALUE]) VALUES (10, 6, N'N')
INSERT [dbo].[OP_MODNVA] ([ID_MODOPERA], [ID_NVLAUTO], [VALUE]) VALUES (10, 7, N'N')
INSERT [dbo].[OP_MODNVA] ([ID_MODOPERA], [ID_NVLAUTO], [VALUE]) VALUES (10, 8, N'N')
INSERT [dbo].[OP_MODNVA] ([ID_MODOPERA], [ID_NVLAUTO], [VALUE]) VALUES (10, 9, N'N')
INSERT [dbo].[OP_MODNVA] ([ID_MODOPERA], [ID_NVLAUTO], [VALUE]) VALUES (10, 10, N'N')
INSERT [dbo].[OP_MODNVA] ([ID_MODOPERA], [ID_NVLAUTO], [VALUE]) VALUES (10, 11, N'N')
INSERT [dbo].[OP_MODNVA] ([ID_MODOPERA], [ID_NVLAUTO], [VALUE]) VALUES (10, 12, N'N')
INSERT [dbo].[OP_MODNVA] ([ID_MODOPERA], [ID_NVLAUTO], [VALUE]) VALUES (10, 13, N'N')
INSERT [dbo].[OP_MODNVA] ([ID_MODOPERA], [ID_NVLAUTO], [VALUE]) VALUES (10, 14, N'N')
INSERT [dbo].[OP_MODNVA] ([ID_MODOPERA], [ID_NVLAUTO], [VALUE]) VALUES (10, 15, N'N')
INSERT [dbo].[OP_MODNVA] ([ID_MODOPERA], [ID_NVLAUTO], [VALUE]) VALUES (10, 16, N'N')
INSERT [dbo].[OP_MODNVA] ([ID_MODOPERA], [ID_NVLAUTO], [VALUE]) VALUES (10, 17, N'N')
INSERT [dbo].[OP_MODNVA] ([ID_MODOPERA], [ID_NVLAUTO], [VALUE]) VALUES (10, 18, N'N')
INSERT [dbo].[OP_MODNVA] ([ID_MODOPERA], [ID_NVLAUTO], [VALUE]) VALUES (10, 19, N'N')
INSERT [dbo].[OP_MODNVA] ([ID_MODOPERA], [ID_NVLAUTO], [VALUE]) VALUES (10, 20, N'N')
INSERT [dbo].[OP_MODNVA] ([ID_MODOPERA], [ID_NVLAUTO], [VALUE]) VALUES (10, 21, N'N')
INSERT [dbo].[OP_MODNVA] ([ID_MODOPERA], [ID_NVLAUTO], [VALUE]) VALUES (10, 22, N'N')
INSERT [dbo].[OP_MODNVA] ([ID_MODOPERA], [ID_NVLAUTO], [VALUE]) VALUES (10, 23, N'N')
INSERT [dbo].[OP_MODNVA] ([ID_MODOPERA], [ID_NVLAUTO], [VALUE]) VALUES (10, 24, N'N')
INSERT [dbo].[OP_MODNVA] ([ID_MODOPERA], [ID_NVLAUTO], [VALUE]) VALUES (10, 25, N'N')
INSERT [dbo].[OP_MODNVA] ([ID_MODOPERA], [ID_NVLAUTO], [VALUE]) VALUES (10, 26, N'N')
INSERT [dbo].[OP_MODNVA] ([ID_MODOPERA], [ID_NVLAUTO], [VALUE]) VALUES (10, 27, N'N')
INSERT [dbo].[OP_MODNVA] ([ID_MODOPERA], [ID_NVLAUTO], [VALUE]) VALUES (10, 28, N'N')
INSERT [dbo].[OP_MODNVA] ([ID_MODOPERA], [ID_NVLAUTO], [VALUE]) VALUES (10, 29, N'N')
INSERT [dbo].[OP_MODNVA] ([ID_MODOPERA], [ID_NVLAUTO], [VALUE]) VALUES (10, 30, N'N')
INSERT [dbo].[OP_MODNVA] ([ID_MODOPERA], [ID_NVLAUTO], [VALUE]) VALUES (10, 31, N'N')
INSERT [dbo].[OP_MODNVA] ([ID_MODOPERA], [ID_NVLAUTO], [VALUE]) VALUES (10, 32, N'N')
INSERT [dbo].[OP_MODNVA] ([ID_MODOPERA], [ID_NVLAUTO], [VALUE]) VALUES (10, 33, N'N')
INSERT [dbo].[OP_MODNVA] ([ID_MODOPERA], [ID_NVLAUTO], [VALUE]) VALUES (10, 34, N'N')
INSERT [dbo].[OP_MODNVA] ([ID_MODOPERA], [ID_NVLAUTO], [VALUE]) VALUES (10, 35, N'N')
INSERT [dbo].[OP_MODNVA] ([ID_MODOPERA], [ID_NVLAUTO], [VALUE]) VALUES (10, 36, N'N')
INSERT [dbo].[OP_MODNVA] ([ID_MODOPERA], [ID_NVLAUTO], [VALUE]) VALUES (10, 37, N'N')
INSERT [dbo].[OP_MODNVA] ([ID_MODOPERA], [ID_NVLAUTO], [VALUE]) VALUES (10, 38, N'N')
INSERT [dbo].[OP_MODNVA] ([ID_MODOPERA], [ID_NVLAUTO], [VALUE]) VALUES (10, 39, N'N')
INSERT [dbo].[OP_MODNVA] ([ID_MODOPERA], [ID_NVLAUTO], [VALUE]) VALUES (10, 40, N'N')
INSERT [dbo].[OP_MODNVA] ([ID_MODOPERA], [ID_NVLAUTO], [VALUE]) VALUES (10, 41, N'N')
INSERT [dbo].[OP_MODNVA] ([ID_MODOPERA], [ID_NVLAUTO], [VALUE]) VALUES (10, 42, N'N')
INSERT [dbo].[OP_MODNVA] ([ID_MODOPERA], [ID_NVLAUTO], [VALUE]) VALUES (10, 43, N'N')
INSERT [dbo].[OP_MODNVA] ([ID_MODOPERA], [ID_NVLAUTO], [VALUE]) VALUES (10, 44, N'N')
INSERT [dbo].[OP_MODNVA] ([ID_MODOPERA], [ID_NVLAUTO], [VALUE]) VALUES (10, 45, N'N')
INSERT [dbo].[OP_MODNVA] ([ID_MODOPERA], [ID_NVLAUTO], [VALUE]) VALUES (10, 46, N'N')
INSERT [dbo].[OP_MODNVA] ([ID_MODOPERA], [ID_NVLAUTO], [VALUE]) VALUES (10, 47, N'N')
INSERT [dbo].[OP_MODNVA] ([ID_MODOPERA], [ID_NVLAUTO], [VALUE]) VALUES (10, 48, N'N')
INSERT [dbo].[OP_MODNVA] ([ID_MODOPERA], [ID_NVLAUTO], [VALUE]) VALUES (10, 49, N'N')
INSERT [dbo].[OP_MODNVA] ([ID_MODOPERA], [ID_NVLAUTO], [VALUE]) VALUES (10, 50, N'N')
INSERT [dbo].[OP_MODNVA] ([ID_MODOPERA], [ID_NVLAUTO], [VALUE]) VALUES (10, 51, N'N')
INSERT [dbo].[OP_MODNVA] ([ID_MODOPERA], [ID_NVLAUTO], [VALUE]) VALUES (10, 52, N'N')
INSERT [dbo].[OP_MODNVA] ([ID_MODOPERA], [ID_NVLAUTO], [VALUE]) VALUES (10, 53, N'N')
INSERT [dbo].[OP_MODNVA] ([ID_MODOPERA], [ID_NVLAUTO], [VALUE]) VALUES (10, 54, N'N')
INSERT [dbo].[OP_MODNVA] ([ID_MODOPERA], [ID_NVLAUTO], [VALUE]) VALUES (10, 55, N'N')
INSERT [dbo].[OP_MODNVA] ([ID_MODOPERA], [ID_NVLAUTO], [VALUE]) VALUES (10, 56, N'N')
INSERT [dbo].[OP_MODNVA] ([ID_MODOPERA], [ID_NVLAUTO], [VALUE]) VALUES (10, 57, N'N')
INSERT [dbo].[OP_MODNVA] ([ID_MODOPERA], [ID_NVLAUTO], [VALUE]) VALUES (10, 58, N'N')
INSERT [dbo].[OP_MODNVA] ([ID_MODOPERA], [ID_NVLAUTO], [VALUE]) VALUES (10, 59, N'N')
INSERT [dbo].[OP_MODNVA] ([ID_MODOPERA], [ID_NVLAUTO], [VALUE]) VALUES (10, 60, N'N')
INSERT [dbo].[OP_MODNVA] ([ID_MODOPERA], [ID_NVLAUTO], [VALUE]) VALUES (10, 61, N'N')
INSERT [dbo].[OP_MODNVA] ([ID_MODOPERA], [ID_NVLAUTO], [VALUE]) VALUES (10, 62, N'N')
INSERT [dbo].[OP_MODNVA] ([ID_MODOPERA], [ID_NVLAUTO], [VALUE]) VALUES (10, 63, N'N')
INSERT [dbo].[OP_MODNVA] ([ID_MODOPERA], [ID_NVLAUTO], [VALUE]) VALUES (10, 64, N'N')
INSERT [dbo].[OP_MODNVA] ([ID_MODOPERA], [ID_NVLAUTO], [VALUE]) VALUES (10, 65, N'N')
INSERT [dbo].[OP_MODNVA] ([ID_MODOPERA], [ID_NVLAUTO], [VALUE]) VALUES (10, 66, N'N')
INSERT [dbo].[OP_MODNVA] ([ID_MODOPERA], [ID_NVLAUTO], [VALUE]) VALUES (10, 67, N'N')
INSERT [dbo].[OP_MODNVA] ([ID_MODOPERA], [ID_NVLAUTO], [VALUE]) VALUES (10, 68, N'N')
INSERT [dbo].[OP_MODNVA] ([ID_MODOPERA], [ID_NVLAUTO], [VALUE]) VALUES (10, 69, N'N')
INSERT [dbo].[OP_MODNVA] ([ID_MODOPERA], [ID_NVLAUTO], [VALUE]) VALUES (10, 70, N'N')
INSERT [dbo].[OP_MODNVA] ([ID_MODOPERA], [ID_NVLAUTO], [VALUE]) VALUES (10, 71, N'N')
INSERT [dbo].[OP_MODNVA] ([ID_MODOPERA], [ID_NVLAUTO], [VALUE]) VALUES (10, 72, N'N')
INSERT [dbo].[OP_MODNVA] ([ID_MODOPERA], [ID_NVLAUTO], [VALUE]) VALUES (10, 73, N'N')
INSERT [dbo].[OP_MODNVA] ([ID_MODOPERA], [ID_NVLAUTO], [VALUE]) VALUES (10, 74, N'N')
INSERT [dbo].[OP_MODNVA] ([ID_MODOPERA], [ID_NVLAUTO], [VALUE]) VALUES (10, 75, N'N')
INSERT [dbo].[OP_MODNVA] ([ID_MODOPERA], [ID_NVLAUTO], [VALUE]) VALUES (10, 76, N'N')
INSERT [dbo].[OP_MODNVA] ([ID_MODOPERA], [ID_NVLAUTO], [VALUE]) VALUES (10, 77, N'N')
INSERT [dbo].[OP_MODNVA] ([ID_MODOPERA], [ID_NVLAUTO], [VALUE]) VALUES (10, 78, N'N')
INSERT [dbo].[OP_MODNVA] ([ID_MODOPERA], [ID_NVLAUTO], [VALUE]) VALUES (10, 79, N'N')
INSERT [dbo].[OP_MODNVA] ([ID_MODOPERA], [ID_NVLAUTO], [VALUE]) VALUES (10, 80, N'N')
INSERT [dbo].[OP_MODNVA] ([ID_MODOPERA], [ID_NVLAUTO], [VALUE]) VALUES (10, 81, N'N')
INSERT [dbo].[OP_MODNVA] ([ID_MODOPERA], [ID_NVLAUTO], [VALUE]) VALUES (10, 82, N'N')
INSERT [dbo].[OP_MODNVA] ([ID_MODOPERA], [ID_NVLAUTO], [VALUE]) VALUES (10, 83, N'N')
INSERT [dbo].[OP_MODNVA] ([ID_MODOPERA], [ID_NVLAUTO], [VALUE]) VALUES (10, 84, N'N')
INSERT [dbo].[OP_MODNVA] ([ID_MODOPERA], [ID_NVLAUTO], [VALUE]) VALUES (10, 85, N'N')
INSERT [dbo].[OP_MODNVA] ([ID_MODOPERA], [ID_NVLAUTO], [VALUE]) VALUES (10, 86, N'N')
INSERT [dbo].[OP_MODNVA] ([ID_MODOPERA], [ID_NVLAUTO], [VALUE]) VALUES (10, 87, N'N')
INSERT [dbo].[OP_MODNVA] ([ID_MODOPERA], [ID_NVLAUTO], [VALUE]) VALUES (10, 88, N'N')
INSERT [dbo].[OP_MODNVA] ([ID_MODOPERA], [ID_NVLAUTO], [VALUE]) VALUES (10, 89, N'N')
INSERT [dbo].[OP_MODNVA] ([ID_MODOPERA], [ID_NVLAUTO], [VALUE]) VALUES (10, 90, N'N')
INSERT [dbo].[OP_MODNVA] ([ID_MODOPERA], [ID_NVLAUTO], [VALUE]) VALUES (10, 91, N'N')
INSERT [dbo].[OP_MODNVA] ([ID_MODOPERA], [ID_NVLAUTO], [VALUE]) VALUES (10, 92, N'N')
INSERT [dbo].[OP_MODNVA] ([ID_MODOPERA], [ID_NVLAUTO], [VALUE]) VALUES (10, 93, N'N')
INSERT [dbo].[OP_MODNVA] ([ID_MODOPERA], [ID_NVLAUTO], [VALUE]) VALUES (10, 94, N'N')
INSERT [dbo].[OP_MODNVA] ([ID_MODOPERA], [ID_NVLAUTO], [VALUE]) VALUES (10, 95, N'N')
INSERT [dbo].[OP_MODNVA] ([ID_MODOPERA], [ID_NVLAUTO], [VALUE]) VALUES (10, 96, N'N')
INSERT [dbo].[OP_MODNVA] ([ID_MODOPERA], [ID_NVLAUTO], [VALUE]) VALUES (10, 97, N'N')
INSERT [dbo].[OP_MODNVA] ([ID_MODOPERA], [ID_NVLAUTO], [VALUE]) VALUES (10, 98, N'N')
INSERT [dbo].[OP_MODNVA] ([ID_MODOPERA], [ID_NVLAUTO], [VALUE]) VALUES (10, 99, N'N')
INSERT [dbo].[OP_MODNVA] ([ID_MODOPERA], [ID_NVLAUTO], [VALUE]) VALUES (10, 100, N'N')
GO
INSERT [dbo].[OP_MODNVA] ([ID_MODOPERA], [ID_NVLAUTO], [VALUE]) VALUES (10, 101, N'N')
INSERT [dbo].[OP_MODNVA] ([ID_MODOPERA], [ID_NVLAUTO], [VALUE]) VALUES (10, 102, N'N')
INSERT [dbo].[OP_MODNVA] ([ID_MODOPERA], [ID_NVLAUTO], [VALUE]) VALUES (10, 103, N'N')
INSERT [dbo].[OP_MODNVA] ([ID_MODOPERA], [ID_NVLAUTO], [VALUE]) VALUES (10, 104, N'N')
INSERT [dbo].[OP_MODNVA] ([ID_MODOPERA], [ID_NVLAUTO], [VALUE]) VALUES (20, 1, N'Y')
INSERT [dbo].[OP_MODNVA] ([ID_MODOPERA], [ID_NVLAUTO], [VALUE]) VALUES (20, 2, N'Y')
INSERT [dbo].[OP_MODNVA] ([ID_MODOPERA], [ID_NVLAUTO], [VALUE]) VALUES (20, 3, N'Y')
INSERT [dbo].[OP_MODNVA] ([ID_MODOPERA], [ID_NVLAUTO], [VALUE]) VALUES (20, 4, N'Y')
INSERT [dbo].[OP_MODNVA] ([ID_MODOPERA], [ID_NVLAUTO], [VALUE]) VALUES (20, 5, N'Y')
INSERT [dbo].[OP_MODNVA] ([ID_MODOPERA], [ID_NVLAUTO], [VALUE]) VALUES (20, 6, N'Y')
INSERT [dbo].[OP_MODNVA] ([ID_MODOPERA], [ID_NVLAUTO], [VALUE]) VALUES (20, 7, N'N')
INSERT [dbo].[OP_MODNVA] ([ID_MODOPERA], [ID_NVLAUTO], [VALUE]) VALUES (20, 8, N'N')
INSERT [dbo].[OP_MODNVA] ([ID_MODOPERA], [ID_NVLAUTO], [VALUE]) VALUES (20, 9, N'Y')
INSERT [dbo].[OP_MODNVA] ([ID_MODOPERA], [ID_NVLAUTO], [VALUE]) VALUES (20, 10, N'Y')
INSERT [dbo].[OP_MODNVA] ([ID_MODOPERA], [ID_NVLAUTO], [VALUE]) VALUES (20, 11, N'Y')
INSERT [dbo].[OP_MODNVA] ([ID_MODOPERA], [ID_NVLAUTO], [VALUE]) VALUES (20, 12, N'Y')
INSERT [dbo].[OP_MODNVA] ([ID_MODOPERA], [ID_NVLAUTO], [VALUE]) VALUES (20, 13, N'Y')
INSERT [dbo].[OP_MODNVA] ([ID_MODOPERA], [ID_NVLAUTO], [VALUE]) VALUES (20, 14, N'Y')
INSERT [dbo].[OP_MODNVA] ([ID_MODOPERA], [ID_NVLAUTO], [VALUE]) VALUES (20, 15, N'Y')
INSERT [dbo].[OP_MODNVA] ([ID_MODOPERA], [ID_NVLAUTO], [VALUE]) VALUES (20, 16, N'N')
INSERT [dbo].[OP_MODNVA] ([ID_MODOPERA], [ID_NVLAUTO], [VALUE]) VALUES (20, 17, N'N')
INSERT [dbo].[OP_MODNVA] ([ID_MODOPERA], [ID_NVLAUTO], [VALUE]) VALUES (20, 18, N'Y')
INSERT [dbo].[OP_MODNVA] ([ID_MODOPERA], [ID_NVLAUTO], [VALUE]) VALUES (20, 19, N'Y')
INSERT [dbo].[OP_MODNVA] ([ID_MODOPERA], [ID_NVLAUTO], [VALUE]) VALUES (20, 20, N'Y')
INSERT [dbo].[OP_MODNVA] ([ID_MODOPERA], [ID_NVLAUTO], [VALUE]) VALUES (20, 21, N'Y')
INSERT [dbo].[OP_MODNVA] ([ID_MODOPERA], [ID_NVLAUTO], [VALUE]) VALUES (20, 22, N'Y')
INSERT [dbo].[OP_MODNVA] ([ID_MODOPERA], [ID_NVLAUTO], [VALUE]) VALUES (20, 23, N'N')
INSERT [dbo].[OP_MODNVA] ([ID_MODOPERA], [ID_NVLAUTO], [VALUE]) VALUES (20, 24, N'N')
INSERT [dbo].[OP_MODNVA] ([ID_MODOPERA], [ID_NVLAUTO], [VALUE]) VALUES (20, 25, N'Y')
INSERT [dbo].[OP_MODNVA] ([ID_MODOPERA], [ID_NVLAUTO], [VALUE]) VALUES (20, 26, N'Y')
INSERT [dbo].[OP_MODNVA] ([ID_MODOPERA], [ID_NVLAUTO], [VALUE]) VALUES (20, 27, N'N')
INSERT [dbo].[OP_MODNVA] ([ID_MODOPERA], [ID_NVLAUTO], [VALUE]) VALUES (20, 28, N'N')
INSERT [dbo].[OP_MODNVA] ([ID_MODOPERA], [ID_NVLAUTO], [VALUE]) VALUES (20, 29, N'N')
INSERT [dbo].[OP_MODNVA] ([ID_MODOPERA], [ID_NVLAUTO], [VALUE]) VALUES (20, 30, N'N')
INSERT [dbo].[OP_MODNVA] ([ID_MODOPERA], [ID_NVLAUTO], [VALUE]) VALUES (20, 31, N'N')
INSERT [dbo].[OP_MODNVA] ([ID_MODOPERA], [ID_NVLAUTO], [VALUE]) VALUES (20, 32, N'N')
INSERT [dbo].[OP_MODNVA] ([ID_MODOPERA], [ID_NVLAUTO], [VALUE]) VALUES (20, 33, N'Y')
INSERT [dbo].[OP_MODNVA] ([ID_MODOPERA], [ID_NVLAUTO], [VALUE]) VALUES (20, 34, N'Y')
INSERT [dbo].[OP_MODNVA] ([ID_MODOPERA], [ID_NVLAUTO], [VALUE]) VALUES (20, 35, N'Y')
INSERT [dbo].[OP_MODNVA] ([ID_MODOPERA], [ID_NVLAUTO], [VALUE]) VALUES (20, 36, N'Y')
INSERT [dbo].[OP_MODNVA] ([ID_MODOPERA], [ID_NVLAUTO], [VALUE]) VALUES (20, 37, N'Y')
INSERT [dbo].[OP_MODNVA] ([ID_MODOPERA], [ID_NVLAUTO], [VALUE]) VALUES (20, 38, N'Y')
INSERT [dbo].[OP_MODNVA] ([ID_MODOPERA], [ID_NVLAUTO], [VALUE]) VALUES (20, 39, N'Y')
INSERT [dbo].[OP_MODNVA] ([ID_MODOPERA], [ID_NVLAUTO], [VALUE]) VALUES (20, 40, N'Y')
INSERT [dbo].[OP_MODNVA] ([ID_MODOPERA], [ID_NVLAUTO], [VALUE]) VALUES (20, 41, N'Y')
INSERT [dbo].[OP_MODNVA] ([ID_MODOPERA], [ID_NVLAUTO], [VALUE]) VALUES (20, 42, N'Y')
INSERT [dbo].[OP_MODNVA] ([ID_MODOPERA], [ID_NVLAUTO], [VALUE]) VALUES (20, 43, N'Y')
INSERT [dbo].[OP_MODNVA] ([ID_MODOPERA], [ID_NVLAUTO], [VALUE]) VALUES (20, 44, N'Y')
INSERT [dbo].[OP_MODNVA] ([ID_MODOPERA], [ID_NVLAUTO], [VALUE]) VALUES (20, 45, N'Y')
INSERT [dbo].[OP_MODNVA] ([ID_MODOPERA], [ID_NVLAUTO], [VALUE]) VALUES (20, 46, N'Y')
INSERT [dbo].[OP_MODNVA] ([ID_MODOPERA], [ID_NVLAUTO], [VALUE]) VALUES (20, 47, N'Y')
INSERT [dbo].[OP_MODNVA] ([ID_MODOPERA], [ID_NVLAUTO], [VALUE]) VALUES (20, 48, N'Y')
INSERT [dbo].[OP_MODNVA] ([ID_MODOPERA], [ID_NVLAUTO], [VALUE]) VALUES (20, 49, N'N')
INSERT [dbo].[OP_MODNVA] ([ID_MODOPERA], [ID_NVLAUTO], [VALUE]) VALUES (20, 50, N'Y')
INSERT [dbo].[OP_MODNVA] ([ID_MODOPERA], [ID_NVLAUTO], [VALUE]) VALUES (20, 51, N'Y')
INSERT [dbo].[OP_MODNVA] ([ID_MODOPERA], [ID_NVLAUTO], [VALUE]) VALUES (20, 52, N'Y')
INSERT [dbo].[OP_MODNVA] ([ID_MODOPERA], [ID_NVLAUTO], [VALUE]) VALUES (20, 53, N'Y')
INSERT [dbo].[OP_MODNVA] ([ID_MODOPERA], [ID_NVLAUTO], [VALUE]) VALUES (20, 54, N'Y')
INSERT [dbo].[OP_MODNVA] ([ID_MODOPERA], [ID_NVLAUTO], [VALUE]) VALUES (20, 55, N'Y')
INSERT [dbo].[OP_MODNVA] ([ID_MODOPERA], [ID_NVLAUTO], [VALUE]) VALUES (20, 56, N'Y')
INSERT [dbo].[OP_MODNVA] ([ID_MODOPERA], [ID_NVLAUTO], [VALUE]) VALUES (20, 57, N'Y')
INSERT [dbo].[OP_MODNVA] ([ID_MODOPERA], [ID_NVLAUTO], [VALUE]) VALUES (20, 58, N'Y')
INSERT [dbo].[OP_MODNVA] ([ID_MODOPERA], [ID_NVLAUTO], [VALUE]) VALUES (20, 59, N'Y')
INSERT [dbo].[OP_MODNVA] ([ID_MODOPERA], [ID_NVLAUTO], [VALUE]) VALUES (20, 60, N'Y')
INSERT [dbo].[OP_MODNVA] ([ID_MODOPERA], [ID_NVLAUTO], [VALUE]) VALUES (20, 61, N'N')
INSERT [dbo].[OP_MODNVA] ([ID_MODOPERA], [ID_NVLAUTO], [VALUE]) VALUES (20, 62, N'N')
INSERT [dbo].[OP_MODNVA] ([ID_MODOPERA], [ID_NVLAUTO], [VALUE]) VALUES (20, 63, N'N')
INSERT [dbo].[OP_MODNVA] ([ID_MODOPERA], [ID_NVLAUTO], [VALUE]) VALUES (20, 64, N'N')
INSERT [dbo].[OP_MODNVA] ([ID_MODOPERA], [ID_NVLAUTO], [VALUE]) VALUES (20, 65, N'Y')
INSERT [dbo].[OP_MODNVA] ([ID_MODOPERA], [ID_NVLAUTO], [VALUE]) VALUES (20, 66, N'Y')
INSERT [dbo].[OP_MODNVA] ([ID_MODOPERA], [ID_NVLAUTO], [VALUE]) VALUES (20, 67, N'N')
INSERT [dbo].[OP_MODNVA] ([ID_MODOPERA], [ID_NVLAUTO], [VALUE]) VALUES (20, 68, N'N')
INSERT [dbo].[OP_MODNVA] ([ID_MODOPERA], [ID_NVLAUTO], [VALUE]) VALUES (20, 69, N'Y')
INSERT [dbo].[OP_MODNVA] ([ID_MODOPERA], [ID_NVLAUTO], [VALUE]) VALUES (20, 70, N'Y')
INSERT [dbo].[OP_MODNVA] ([ID_MODOPERA], [ID_NVLAUTO], [VALUE]) VALUES (20, 71, N'Y')
INSERT [dbo].[OP_MODNVA] ([ID_MODOPERA], [ID_NVLAUTO], [VALUE]) VALUES (20, 72, N'Y')
INSERT [dbo].[OP_MODNVA] ([ID_MODOPERA], [ID_NVLAUTO], [VALUE]) VALUES (20, 73, N'Y')
INSERT [dbo].[OP_MODNVA] ([ID_MODOPERA], [ID_NVLAUTO], [VALUE]) VALUES (20, 74, N'Y')
INSERT [dbo].[OP_MODNVA] ([ID_MODOPERA], [ID_NVLAUTO], [VALUE]) VALUES (20, 75, N'Y')
INSERT [dbo].[OP_MODNVA] ([ID_MODOPERA], [ID_NVLAUTO], [VALUE]) VALUES (20, 76, N'N')
INSERT [dbo].[OP_MODNVA] ([ID_MODOPERA], [ID_NVLAUTO], [VALUE]) VALUES (20, 77, N'Y')
INSERT [dbo].[OP_MODNVA] ([ID_MODOPERA], [ID_NVLAUTO], [VALUE]) VALUES (20, 78, N'Y')
INSERT [dbo].[OP_MODNVA] ([ID_MODOPERA], [ID_NVLAUTO], [VALUE]) VALUES (20, 79, N'Y')
INSERT [dbo].[OP_MODNVA] ([ID_MODOPERA], [ID_NVLAUTO], [VALUE]) VALUES (20, 80, N'N')
INSERT [dbo].[OP_MODNVA] ([ID_MODOPERA], [ID_NVLAUTO], [VALUE]) VALUES (20, 81, N'Y')
INSERT [dbo].[OP_MODNVA] ([ID_MODOPERA], [ID_NVLAUTO], [VALUE]) VALUES (20, 82, N'Y')
INSERT [dbo].[OP_MODNVA] ([ID_MODOPERA], [ID_NVLAUTO], [VALUE]) VALUES (20, 83, N'Y')
INSERT [dbo].[OP_MODNVA] ([ID_MODOPERA], [ID_NVLAUTO], [VALUE]) VALUES (20, 84, N'Y')
INSERT [dbo].[OP_MODNVA] ([ID_MODOPERA], [ID_NVLAUTO], [VALUE]) VALUES (20, 85, N'Y')
INSERT [dbo].[OP_MODNVA] ([ID_MODOPERA], [ID_NVLAUTO], [VALUE]) VALUES (20, 86, N'Y')
INSERT [dbo].[OP_MODNVA] ([ID_MODOPERA], [ID_NVLAUTO], [VALUE]) VALUES (20, 87, N'Y')
INSERT [dbo].[OP_MODNVA] ([ID_MODOPERA], [ID_NVLAUTO], [VALUE]) VALUES (20, 88, N'N')
INSERT [dbo].[OP_MODNVA] ([ID_MODOPERA], [ID_NVLAUTO], [VALUE]) VALUES (20, 89, N'Y')
INSERT [dbo].[OP_MODNVA] ([ID_MODOPERA], [ID_NVLAUTO], [VALUE]) VALUES (20, 90, N'Y')
INSERT [dbo].[OP_MODNVA] ([ID_MODOPERA], [ID_NVLAUTO], [VALUE]) VALUES (20, 91, N'Y')
INSERT [dbo].[OP_MODNVA] ([ID_MODOPERA], [ID_NVLAUTO], [VALUE]) VALUES (20, 92, N'Y')
INSERT [dbo].[OP_MODNVA] ([ID_MODOPERA], [ID_NVLAUTO], [VALUE]) VALUES (20, 93, N'Y')
INSERT [dbo].[OP_MODNVA] ([ID_MODOPERA], [ID_NVLAUTO], [VALUE]) VALUES (20, 94, N'N')
INSERT [dbo].[OP_MODNVA] ([ID_MODOPERA], [ID_NVLAUTO], [VALUE]) VALUES (20, 95, N'N')
INSERT [dbo].[OP_MODNVA] ([ID_MODOPERA], [ID_NVLAUTO], [VALUE]) VALUES (20, 96, N'N')
GO
INSERT [dbo].[OP_MODNVA] ([ID_MODOPERA], [ID_NVLAUTO], [VALUE]) VALUES (20, 97, N'Y')
INSERT [dbo].[OP_MODNVA] ([ID_MODOPERA], [ID_NVLAUTO], [VALUE]) VALUES (20, 98, N'Y')
INSERT [dbo].[OP_MODNVA] ([ID_MODOPERA], [ID_NVLAUTO], [VALUE]) VALUES (20, 99, N'Y')
INSERT [dbo].[OP_MODNVA] ([ID_MODOPERA], [ID_NVLAUTO], [VALUE]) VALUES (20, 100, N'Y')
INSERT [dbo].[OP_MODNVA] ([ID_MODOPERA], [ID_NVLAUTO], [VALUE]) VALUES (20, 101, N'N')
INSERT [dbo].[OP_MODNVA] ([ID_MODOPERA], [ID_NVLAUTO], [VALUE]) VALUES (20, 102, N'N')
INSERT [dbo].[OP_MODNVA] ([ID_MODOPERA], [ID_NVLAUTO], [VALUE]) VALUES (20, 103, N'N')
INSERT [dbo].[OP_MODNVA] ([ID_MODOPERA], [ID_NVLAUTO], [VALUE]) VALUES (20, 104, N'N')
INSERT [dbo].[OP_MODNVA] ([ID_MODOPERA], [ID_NVLAUTO], [VALUE]) VALUES (30, 1, N'N')
INSERT [dbo].[OP_MODNVA] ([ID_MODOPERA], [ID_NVLAUTO], [VALUE]) VALUES (30, 2, N'N')
INSERT [dbo].[OP_MODNVA] ([ID_MODOPERA], [ID_NVLAUTO], [VALUE]) VALUES (30, 3, N'N')
INSERT [dbo].[OP_MODNVA] ([ID_MODOPERA], [ID_NVLAUTO], [VALUE]) VALUES (30, 4, N'N')
INSERT [dbo].[OP_MODNVA] ([ID_MODOPERA], [ID_NVLAUTO], [VALUE]) VALUES (30, 5, N'N')
INSERT [dbo].[OP_MODNVA] ([ID_MODOPERA], [ID_NVLAUTO], [VALUE]) VALUES (30, 6, N'N')
INSERT [dbo].[OP_MODNVA] ([ID_MODOPERA], [ID_NVLAUTO], [VALUE]) VALUES (30, 7, N'N')
INSERT [dbo].[OP_MODNVA] ([ID_MODOPERA], [ID_NVLAUTO], [VALUE]) VALUES (30, 8, N'N')
INSERT [dbo].[OP_MODNVA] ([ID_MODOPERA], [ID_NVLAUTO], [VALUE]) VALUES (30, 9, N'N')
INSERT [dbo].[OP_MODNVA] ([ID_MODOPERA], [ID_NVLAUTO], [VALUE]) VALUES (30, 10, N'N')
INSERT [dbo].[OP_MODNVA] ([ID_MODOPERA], [ID_NVLAUTO], [VALUE]) VALUES (30, 11, N'N')
INSERT [dbo].[OP_MODNVA] ([ID_MODOPERA], [ID_NVLAUTO], [VALUE]) VALUES (30, 12, N'N')
INSERT [dbo].[OP_MODNVA] ([ID_MODOPERA], [ID_NVLAUTO], [VALUE]) VALUES (30, 13, N'N')
INSERT [dbo].[OP_MODNVA] ([ID_MODOPERA], [ID_NVLAUTO], [VALUE]) VALUES (30, 14, N'N')
INSERT [dbo].[OP_MODNVA] ([ID_MODOPERA], [ID_NVLAUTO], [VALUE]) VALUES (30, 15, N'N')
INSERT [dbo].[OP_MODNVA] ([ID_MODOPERA], [ID_NVLAUTO], [VALUE]) VALUES (30, 16, N'N')
INSERT [dbo].[OP_MODNVA] ([ID_MODOPERA], [ID_NVLAUTO], [VALUE]) VALUES (30, 17, N'N')
INSERT [dbo].[OP_MODNVA] ([ID_MODOPERA], [ID_NVLAUTO], [VALUE]) VALUES (30, 18, N'N')
INSERT [dbo].[OP_MODNVA] ([ID_MODOPERA], [ID_NVLAUTO], [VALUE]) VALUES (30, 19, N'N')
INSERT [dbo].[OP_MODNVA] ([ID_MODOPERA], [ID_NVLAUTO], [VALUE]) VALUES (30, 20, N'N')
INSERT [dbo].[OP_MODNVA] ([ID_MODOPERA], [ID_NVLAUTO], [VALUE]) VALUES (30, 21, N'N')
INSERT [dbo].[OP_MODNVA] ([ID_MODOPERA], [ID_NVLAUTO], [VALUE]) VALUES (30, 22, N'N')
INSERT [dbo].[OP_MODNVA] ([ID_MODOPERA], [ID_NVLAUTO], [VALUE]) VALUES (30, 23, N'N')
INSERT [dbo].[OP_MODNVA] ([ID_MODOPERA], [ID_NVLAUTO], [VALUE]) VALUES (30, 24, N'N')
INSERT [dbo].[OP_MODNVA] ([ID_MODOPERA], [ID_NVLAUTO], [VALUE]) VALUES (30, 25, N'N')
INSERT [dbo].[OP_MODNVA] ([ID_MODOPERA], [ID_NVLAUTO], [VALUE]) VALUES (30, 26, N'N')
INSERT [dbo].[OP_MODNVA] ([ID_MODOPERA], [ID_NVLAUTO], [VALUE]) VALUES (30, 27, N'N')
INSERT [dbo].[OP_MODNVA] ([ID_MODOPERA], [ID_NVLAUTO], [VALUE]) VALUES (30, 28, N'N')
INSERT [dbo].[OP_MODNVA] ([ID_MODOPERA], [ID_NVLAUTO], [VALUE]) VALUES (30, 29, N'N')
INSERT [dbo].[OP_MODNVA] ([ID_MODOPERA], [ID_NVLAUTO], [VALUE]) VALUES (30, 30, N'N')
INSERT [dbo].[OP_MODNVA] ([ID_MODOPERA], [ID_NVLAUTO], [VALUE]) VALUES (30, 31, N'N')
INSERT [dbo].[OP_MODNVA] ([ID_MODOPERA], [ID_NVLAUTO], [VALUE]) VALUES (30, 32, N'N')
INSERT [dbo].[OP_MODNVA] ([ID_MODOPERA], [ID_NVLAUTO], [VALUE]) VALUES (30, 33, N'N')
INSERT [dbo].[OP_MODNVA] ([ID_MODOPERA], [ID_NVLAUTO], [VALUE]) VALUES (30, 34, N'N')
INSERT [dbo].[OP_MODNVA] ([ID_MODOPERA], [ID_NVLAUTO], [VALUE]) VALUES (30, 35, N'N')
INSERT [dbo].[OP_MODNVA] ([ID_MODOPERA], [ID_NVLAUTO], [VALUE]) VALUES (30, 36, N'N')
INSERT [dbo].[OP_MODNVA] ([ID_MODOPERA], [ID_NVLAUTO], [VALUE]) VALUES (30, 37, N'N')
INSERT [dbo].[OP_MODNVA] ([ID_MODOPERA], [ID_NVLAUTO], [VALUE]) VALUES (30, 38, N'N')
INSERT [dbo].[OP_MODNVA] ([ID_MODOPERA], [ID_NVLAUTO], [VALUE]) VALUES (30, 39, N'N')
INSERT [dbo].[OP_MODNVA] ([ID_MODOPERA], [ID_NVLAUTO], [VALUE]) VALUES (30, 40, N'N')
INSERT [dbo].[OP_MODNVA] ([ID_MODOPERA], [ID_NVLAUTO], [VALUE]) VALUES (30, 41, N'N')
INSERT [dbo].[OP_MODNVA] ([ID_MODOPERA], [ID_NVLAUTO], [VALUE]) VALUES (30, 42, N'N')
INSERT [dbo].[OP_MODNVA] ([ID_MODOPERA], [ID_NVLAUTO], [VALUE]) VALUES (30, 43, N'N')
INSERT [dbo].[OP_MODNVA] ([ID_MODOPERA], [ID_NVLAUTO], [VALUE]) VALUES (30, 44, N'N')
INSERT [dbo].[OP_MODNVA] ([ID_MODOPERA], [ID_NVLAUTO], [VALUE]) VALUES (30, 45, N'N')
INSERT [dbo].[OP_MODNVA] ([ID_MODOPERA], [ID_NVLAUTO], [VALUE]) VALUES (30, 46, N'N')
INSERT [dbo].[OP_MODNVA] ([ID_MODOPERA], [ID_NVLAUTO], [VALUE]) VALUES (30, 47, N'N')
INSERT [dbo].[OP_MODNVA] ([ID_MODOPERA], [ID_NVLAUTO], [VALUE]) VALUES (30, 48, N'N')
INSERT [dbo].[OP_MODNVA] ([ID_MODOPERA], [ID_NVLAUTO], [VALUE]) VALUES (30, 49, N'N')
INSERT [dbo].[OP_MODNVA] ([ID_MODOPERA], [ID_NVLAUTO], [VALUE]) VALUES (30, 50, N'N')
INSERT [dbo].[OP_MODNVA] ([ID_MODOPERA], [ID_NVLAUTO], [VALUE]) VALUES (30, 51, N'N')
INSERT [dbo].[OP_MODNVA] ([ID_MODOPERA], [ID_NVLAUTO], [VALUE]) VALUES (30, 52, N'N')
INSERT [dbo].[OP_MODNVA] ([ID_MODOPERA], [ID_NVLAUTO], [VALUE]) VALUES (30, 53, N'N')
INSERT [dbo].[OP_MODNVA] ([ID_MODOPERA], [ID_NVLAUTO], [VALUE]) VALUES (30, 54, N'N')
INSERT [dbo].[OP_MODNVA] ([ID_MODOPERA], [ID_NVLAUTO], [VALUE]) VALUES (30, 55, N'N')
INSERT [dbo].[OP_MODNVA] ([ID_MODOPERA], [ID_NVLAUTO], [VALUE]) VALUES (30, 56, N'N')
INSERT [dbo].[OP_MODNVA] ([ID_MODOPERA], [ID_NVLAUTO], [VALUE]) VALUES (30, 57, N'N')
INSERT [dbo].[OP_MODNVA] ([ID_MODOPERA], [ID_NVLAUTO], [VALUE]) VALUES (30, 58, N'N')
INSERT [dbo].[OP_MODNVA] ([ID_MODOPERA], [ID_NVLAUTO], [VALUE]) VALUES (30, 59, N'N')
INSERT [dbo].[OP_MODNVA] ([ID_MODOPERA], [ID_NVLAUTO], [VALUE]) VALUES (30, 60, N'N')
INSERT [dbo].[OP_MODNVA] ([ID_MODOPERA], [ID_NVLAUTO], [VALUE]) VALUES (30, 61, N'N')
INSERT [dbo].[OP_MODNVA] ([ID_MODOPERA], [ID_NVLAUTO], [VALUE]) VALUES (30, 62, N'N')
INSERT [dbo].[OP_MODNVA] ([ID_MODOPERA], [ID_NVLAUTO], [VALUE]) VALUES (30, 63, N'N')
INSERT [dbo].[OP_MODNVA] ([ID_MODOPERA], [ID_NVLAUTO], [VALUE]) VALUES (30, 64, N'N')
INSERT [dbo].[OP_MODNVA] ([ID_MODOPERA], [ID_NVLAUTO], [VALUE]) VALUES (30, 65, N'N')
INSERT [dbo].[OP_MODNVA] ([ID_MODOPERA], [ID_NVLAUTO], [VALUE]) VALUES (30, 66, N'N')
INSERT [dbo].[OP_MODNVA] ([ID_MODOPERA], [ID_NVLAUTO], [VALUE]) VALUES (30, 67, N'N')
INSERT [dbo].[OP_MODNVA] ([ID_MODOPERA], [ID_NVLAUTO], [VALUE]) VALUES (30, 68, N'N')
INSERT [dbo].[OP_MODNVA] ([ID_MODOPERA], [ID_NVLAUTO], [VALUE]) VALUES (30, 69, N'N')
INSERT [dbo].[OP_MODNVA] ([ID_MODOPERA], [ID_NVLAUTO], [VALUE]) VALUES (30, 70, N'N')
INSERT [dbo].[OP_MODNVA] ([ID_MODOPERA], [ID_NVLAUTO], [VALUE]) VALUES (30, 71, N'N')
INSERT [dbo].[OP_MODNVA] ([ID_MODOPERA], [ID_NVLAUTO], [VALUE]) VALUES (30, 72, N'N')
INSERT [dbo].[OP_MODNVA] ([ID_MODOPERA], [ID_NVLAUTO], [VALUE]) VALUES (30, 73, N'N')
INSERT [dbo].[OP_MODNVA] ([ID_MODOPERA], [ID_NVLAUTO], [VALUE]) VALUES (30, 74, N'N')
INSERT [dbo].[OP_MODNVA] ([ID_MODOPERA], [ID_NVLAUTO], [VALUE]) VALUES (30, 75, N'N')
INSERT [dbo].[OP_MODNVA] ([ID_MODOPERA], [ID_NVLAUTO], [VALUE]) VALUES (30, 76, N'N')
INSERT [dbo].[OP_MODNVA] ([ID_MODOPERA], [ID_NVLAUTO], [VALUE]) VALUES (30, 77, N'N')
INSERT [dbo].[OP_MODNVA] ([ID_MODOPERA], [ID_NVLAUTO], [VALUE]) VALUES (30, 78, N'N')
INSERT [dbo].[OP_MODNVA] ([ID_MODOPERA], [ID_NVLAUTO], [VALUE]) VALUES (30, 79, N'N')
INSERT [dbo].[OP_MODNVA] ([ID_MODOPERA], [ID_NVLAUTO], [VALUE]) VALUES (30, 80, N'N')
INSERT [dbo].[OP_MODNVA] ([ID_MODOPERA], [ID_NVLAUTO], [VALUE]) VALUES (30, 81, N'N')
INSERT [dbo].[OP_MODNVA] ([ID_MODOPERA], [ID_NVLAUTO], [VALUE]) VALUES (30, 82, N'N')
INSERT [dbo].[OP_MODNVA] ([ID_MODOPERA], [ID_NVLAUTO], [VALUE]) VALUES (30, 83, N'N')
INSERT [dbo].[OP_MODNVA] ([ID_MODOPERA], [ID_NVLAUTO], [VALUE]) VALUES (30, 84, N'N')
INSERT [dbo].[OP_MODNVA] ([ID_MODOPERA], [ID_NVLAUTO], [VALUE]) VALUES (30, 85, N'N')
INSERT [dbo].[OP_MODNVA] ([ID_MODOPERA], [ID_NVLAUTO], [VALUE]) VALUES (30, 86, N'N')
INSERT [dbo].[OP_MODNVA] ([ID_MODOPERA], [ID_NVLAUTO], [VALUE]) VALUES (30, 87, N'N')
INSERT [dbo].[OP_MODNVA] ([ID_MODOPERA], [ID_NVLAUTO], [VALUE]) VALUES (30, 88, N'N')
INSERT [dbo].[OP_MODNVA] ([ID_MODOPERA], [ID_NVLAUTO], [VALUE]) VALUES (30, 89, N'N')
INSERT [dbo].[OP_MODNVA] ([ID_MODOPERA], [ID_NVLAUTO], [VALUE]) VALUES (30, 90, N'N')
INSERT [dbo].[OP_MODNVA] ([ID_MODOPERA], [ID_NVLAUTO], [VALUE]) VALUES (30, 91, N'N')
INSERT [dbo].[OP_MODNVA] ([ID_MODOPERA], [ID_NVLAUTO], [VALUE]) VALUES (30, 92, N'N')
GO
INSERT [dbo].[OP_MODNVA] ([ID_MODOPERA], [ID_NVLAUTO], [VALUE]) VALUES (30, 93, N'N')
INSERT [dbo].[OP_MODNVA] ([ID_MODOPERA], [ID_NVLAUTO], [VALUE]) VALUES (30, 94, N'N')
INSERT [dbo].[OP_MODNVA] ([ID_MODOPERA], [ID_NVLAUTO], [VALUE]) VALUES (30, 95, N'N')
INSERT [dbo].[OP_MODNVA] ([ID_MODOPERA], [ID_NVLAUTO], [VALUE]) VALUES (30, 96, N'N')
INSERT [dbo].[OP_MODNVA] ([ID_MODOPERA], [ID_NVLAUTO], [VALUE]) VALUES (30, 97, N'N')
INSERT [dbo].[OP_MODNVA] ([ID_MODOPERA], [ID_NVLAUTO], [VALUE]) VALUES (30, 98, N'N')
INSERT [dbo].[OP_MODNVA] ([ID_MODOPERA], [ID_NVLAUTO], [VALUE]) VALUES (30, 99, N'N')
INSERT [dbo].[OP_MODNVA] ([ID_MODOPERA], [ID_NVLAUTO], [VALUE]) VALUES (30, 100, N'N')
INSERT [dbo].[OP_MODNVA] ([ID_MODOPERA], [ID_NVLAUTO], [VALUE]) VALUES (30, 101, N'N')
INSERT [dbo].[OP_MODNVA] ([ID_MODOPERA], [ID_NVLAUTO], [VALUE]) VALUES (30, 102, N'N')
INSERT [dbo].[OP_MODNVA] ([ID_MODOPERA], [ID_NVLAUTO], [VALUE]) VALUES (30, 103, N'N')
INSERT [dbo].[OP_MODNVA] ([ID_MODOPERA], [ID_NVLAUTO], [VALUE]) VALUES (30, 104, N'N')
INSERT [dbo].[OP_MODOPERA] ([ID_MODOPERA], [DES_MODOPERA], [NVA_GRUPO], [NVA_USUARIO], [NIVEL_AUT], [IDREG], [FECHA], [EST_MODOPERA]) VALUES (10, N'GERENTE TIENDA', 3, 1, 0, 0, CAST(N'2016-03-21 00:00:00.000' AS DateTime), 1)
INSERT [dbo].[OP_MODOPERA] ([ID_MODOPERA], [DES_MODOPERA], [NVA_GRUPO], [NVA_USUARIO], [NIVEL_AUT], [IDREG], [FECHA], [EST_MODOPERA]) VALUES (20, N'SUPERVISOR', 2, 1, 99, 0, CAST(N'2016-03-21 00:00:00.000' AS DateTime), 1)
INSERT [dbo].[OP_MODOPERA] ([ID_MODOPERA], [DES_MODOPERA], [NVA_GRUPO], [NVA_USUARIO], [NIVEL_AUT], [IDREG], [FECHA], [EST_MODOPERA]) VALUES (30, N'OPERADOR POS', 3, 1, 0, 0, CAST(N'2016-03-21 00:00:00.000' AS DateTime), 1)
INSERT [dbo].[OP_MODUDF] ([ID_MODOPERA], [ID_NVLAUTO], [VALUE]) VALUES (20, 1002, N'Y')
INSERT [dbo].[OP_MODUDF] ([ID_MODOPERA], [ID_NVLAUTO], [VALUE]) VALUES (20, 1003, N'Y')
INSERT [dbo].[OP_MODUDF] ([ID_MODOPERA], [ID_NVLAUTO], [VALUE]) VALUES (20, 1004, N'Y')
INSERT [dbo].[OP_MODUDF] ([ID_MODOPERA], [ID_NVLAUTO], [VALUE]) VALUES (20, 1005, N'Y')
INSERT [dbo].[OP_MODUDF] ([ID_MODOPERA], [ID_NVLAUTO], [VALUE]) VALUES (20, 1006, N'Y')
INSERT [dbo].[OP_MODUDF] ([ID_MODOPERA], [ID_NVLAUTO], [VALUE]) VALUES (20, 1007, N'Y')
INSERT [dbo].[OP_MODUDF] ([ID_MODOPERA], [ID_NVLAUTO], [VALUE]) VALUES (20, 1008, N'Y')
INSERT [dbo].[OP_MODUDF] ([ID_MODOPERA], [ID_NVLAUTO], [VALUE]) VALUES (20, 1009, N'Y')
SET IDENTITY_INSERT [dbo].[OP_NVLAUTO] ON 

INSERT [dbo].[OP_NVLAUTO] ([ID_NVLAUTO], [ID_ENHSEC], [DESCRIP_ES], [DESCRIP_EN], [POS_NVL], [NVL_DEP]) VALUES (1, 1, N'	MODALIDAD DE VARIAS APLICACIONES	', N'	MULTIPLE APPLICATION MODE	', 1, 0)
INSERT [dbo].[OP_NVLAUTO] ([ID_NVLAUTO], [ID_ENHSEC], [DESCRIP_ES], [DESCRIP_EN], [POS_NVL], [NVL_DEP]) VALUES (2, 1, N'	CONTROL DE VENTANA CON PRIVILEGIOS	', N'	PRIVILEGED WINDOW CONTROL	', 2, 0)
INSERT [dbo].[OP_NVLAUTO] ([ID_NVLAUTO], [ID_ENHSEC], [DESCRIP_ES], [DESCRIP_EN], [POS_NVL], [NVL_DEP]) VALUES (3, 1, N'	CONTROL DE APLICACION SUBORDINADA	', N'	BACKGROUND APPLICATION CONTROL	', 3, 0)
INSERT [dbo].[OP_NVLAUTO] ([ID_NVLAUTO], [ID_ENHSEC], [DESCRIP_ES], [DESCRIP_EN], [POS_NVL], [NVL_DEP]) VALUES (4, 1, N'	FUNCIONES DE CONTROL DEL SISTEMA	', N'	SYSTEM CONTROL FUNCTIONS	', 4, 0)
INSERT [dbo].[OP_NVLAUTO] ([ID_NVLAUTO], [ID_ENHSEC], [DESCRIP_ES], [DESCRIP_EN], [POS_NVL], [NVL_DEP]) VALUES (5, 1, N'	CONTROL DE CONSOLA AUXILIAR	', N'	AUXILIARY CONSOLE CONTROL	', 5, 0)
INSERT [dbo].[OP_NVLAUTO] ([ID_NVLAUTO], [ID_ENHSEC], [DESCRIP_ES], [DESCRIP_EN], [POS_NVL], [NVL_DEP]) VALUES (6, 1, N'	MODALIDAD DE INICIO DE SESION MULTIPLE	', N'	MULTIPLE SIGN-ON MODE	', 6, 0)
INSERT [dbo].[OP_NVLAUTO] ([ID_NVLAUTO], [ID_ENHSEC], [DESCRIP_ES], [DESCRIP_EN], [POS_NVL], [NVL_DEP]) VALUES (7, 0, N'	RESERVADO	', N'	RESERVED	', 0, 0)
INSERT [dbo].[OP_NVLAUTO] ([ID_NVLAUTO], [ID_ENHSEC], [DESCRIP_ES], [DESCRIP_EN], [POS_NVL], [NVL_DEP]) VALUES (8, 0, N'	RESERVADO	', N'	RESERVED	', 0, 0)
INSERT [dbo].[OP_NVLAUTO] ([ID_NVLAUTO], [ID_ENHSEC], [DESCRIP_ES], [DESCRIP_EN], [POS_NVL], [NVL_DEP]) VALUES (9, 8, N'	HABILITAR ENLACE	', N'	ENABLE LINK	', 1, 0)
INSERT [dbo].[OP_NVLAUTO] ([ID_NVLAUTO], [ID_ENHSEC], [DESCRIP_ES], [DESCRIP_EN], [POS_NVL], [NVL_DEP]) VALUES (10, 8, N'	INHABILITAR ENLACE (SIN FORZAR)	', N'	DISABLE LINK (NO FORCE)	', 2, 0)
INSERT [dbo].[OP_NVLAUTO] ([ID_NVLAUTO], [ID_ENHSEC], [DESCRIP_ES], [DESCRIP_EN], [POS_NVL], [NVL_DEP]) VALUES (11, 8, N'	INHABILITAR ENLACE (FORZAR)	', N'	DISABLE LINK (FORCE)	', 3, 0)
INSERT [dbo].[OP_NVLAUTO] ([ID_NVLAUTO], [ID_ENHSEC], [DESCRIP_ES], [DESCRIP_EN], [POS_NVL], [NVL_DEP]) VALUES (12, 8, N'	MOSTRAR ENLACE	', N'	DISPLAY LINK	', 4, 0)
INSERT [dbo].[OP_NVLAUTO] ([ID_NVLAUTO], [ID_ENHSEC], [DESCRIP_ES], [DESCRIP_EN], [POS_NVL], [NVL_DEP]) VALUES (13, 8, N'	HABILITAR LAN PARA COMUNICACIONES LU 6.2	', N'	ENABLE LAN FOR LU 6 2 COMMUNICATIONS	', 5, 0)
INSERT [dbo].[OP_NVLAUTO] ([ID_NVLAUTO], [ID_ENHSEC], [DESCRIP_ES], [DESCRIP_EN], [POS_NVL], [NVL_DEP]) VALUES (14, 8, N'	INHABILITAR LAN PARA COMUNICACIONES LU 6.2	', N'	DISABLE LAN FOR LU 6 2 COMMUNICATIONS	', 6, 0)
INSERT [dbo].[OP_NVLAUTO] ([ID_NVLAUTO], [ID_ENHSEC], [DESCRIP_ES], [DESCRIP_EN], [POS_NVL], [NVL_DEP]) VALUES (15, 8, N'	VISUALIZAR ESTADO DE LAN PARA COMUNICACIONES LU 6.2	', N'	DISPLAY LAN STATUS FOR LU 6 2 COMMUNICATIONS	', 7, 0)
INSERT [dbo].[OP_NVLAUTO] ([ID_NVLAUTO], [ID_ENHSEC], [DESCRIP_ES], [DESCRIP_EN], [POS_NVL], [NVL_DEP]) VALUES (16, 0, N'	RESERVADO	', N'	RESERVED	', 0, 0)
INSERT [dbo].[OP_NVLAUTO] ([ID_NVLAUTO], [ID_ENHSEC], [DESCRIP_ES], [DESCRIP_EN], [POS_NVL], [NVL_DEP]) VALUES (17, 0, N'	RESERVADO	', N'	RESERVED	', 0, 0)
INSERT [dbo].[OP_NVLAUTO] ([ID_NVLAUTO], [ID_ENHSEC], [DESCRIP_ES], [DESCRIP_EN], [POS_NVL], [NVL_DEP]) VALUES (18, 9, N'	UTILIDADES DE ARCHIVO	', N'	FILE UTILITIES	', 1, 0)
INSERT [dbo].[OP_NVLAUTO] ([ID_NVLAUTO], [ID_ENHSEC], [DESCRIP_ES], [DESCRIP_EN], [POS_NVL], [NVL_DEP]) VALUES (19, 9, N'	AYUDAS PARA LA INSTALACION Y LA ACTUALIZACION	', N'	INSTALLATION AND UPDATE AIDS	', 2, 0)
INSERT [dbo].[OP_NVLAUTO] ([ID_NVLAUTO], [ID_ENHSEC], [DESCRIP_ES], [DESCRIP_EN], [POS_NVL], [NVL_DEP]) VALUES (20, 9, N'	COLECCION DE DATOS DE ANALISIS DE PROBLEMAS	', N'	PROBLEM ANALYSIS DATA COLLECTION	', 3, 0)
INSERT [dbo].[OP_NVLAUTO] ([ID_NVLAUTO], [ID_ENHSEC], [DESCRIP_ES], [DESCRIP_EN], [POS_NVL], [NVL_DEP]) VALUES (21, 9, N'	INFORMES PARA ANALISIS DE PROBLEMAS	', N'	PROBLEM ANALYSIS REPORTS	', 4, 0)
INSERT [dbo].[OP_NVLAUTO] ([ID_NVLAUTO], [ID_ENHSEC], [DESCRIP_ES], [DESCRIP_EN], [POS_NVL], [NVL_DEP]) VALUES (22, 9, N'	MODALIDAD DE MANDATO	', N'	COMMAND MODE	', 5, 0)
INSERT [dbo].[OP_NVLAUTO] ([ID_NVLAUTO], [ID_ENHSEC], [DESCRIP_ES], [DESCRIP_EN], [POS_NVL], [NVL_DEP]) VALUES (23, 0, N'	RESERVADO	', N'	RESERVED	', 0, 0)
INSERT [dbo].[OP_NVLAUTO] ([ID_NVLAUTO], [ID_ENHSEC], [DESCRIP_ES], [DESCRIP_EN], [POS_NVL], [NVL_DEP]) VALUES (24, 0, N'	RESERVADO	', N'	RESERVED	', 0, 0)
INSERT [dbo].[OP_NVLAUTO] ([ID_NVLAUTO], [ID_ENHSEC], [DESCRIP_ES], [DESCRIP_EN], [POS_NVL], [NVL_DEP]) VALUES (25, 4, N'	HABILITAR DISCO RAM DEL CONTROLADOR	', N'	ENABLE CONTROLLER RAM DISK	', 2, 0)
INSERT [dbo].[OP_NVLAUTO] ([ID_NVLAUTO], [ID_ENHSEC], [DESCRIP_ES], [DESCRIP_EN], [POS_NVL], [NVL_DEP]) VALUES (26, 4, N'	INHABILITAR DISCO RAM DEL CONTROLADOR	', N'	DISABLE CONTROLLER RAM DISK	', 3, 0)
INSERT [dbo].[OP_NVLAUTO] ([ID_NVLAUTO], [ID_ENHSEC], [DESCRIP_ES], [DESCRIP_EN], [POS_NVL], [NVL_DEP]) VALUES (27, 0, N'	RESERVADO	', N'	RESERVED	', 0, 0)
INSERT [dbo].[OP_NVLAUTO] ([ID_NVLAUTO], [ID_ENHSEC], [DESCRIP_ES], [DESCRIP_EN], [POS_NVL], [NVL_DEP]) VALUES (28, 0, N'	RESERVADO	', N'	RESERVED	', 0, 0)
INSERT [dbo].[OP_NVLAUTO] ([ID_NVLAUTO], [ID_ENHSEC], [DESCRIP_ES], [DESCRIP_EN], [POS_NVL], [NVL_DEP]) VALUES (29, 0, N'	RESERVADO	', N'	RESERVED	', 0, 0)
INSERT [dbo].[OP_NVLAUTO] ([ID_NVLAUTO], [ID_ENHSEC], [DESCRIP_ES], [DESCRIP_EN], [POS_NVL], [NVL_DEP]) VALUES (30, 0, N'	RESERVADO	', N'	RESERVED	', 0, 0)
INSERT [dbo].[OP_NVLAUTO] ([ID_NVLAUTO], [ID_ENHSEC], [DESCRIP_ES], [DESCRIP_EN], [POS_NVL], [NVL_DEP]) VALUES (31, 0, N'	RESERVADO	', N'	RESERVED	', 0, 0)
INSERT [dbo].[OP_NVLAUTO] ([ID_NVLAUTO], [ID_ENHSEC], [DESCRIP_ES], [DESCRIP_EN], [POS_NVL], [NVL_DEP]) VALUES (32, 0, N'	RESERVADO	', N'	RESERVED	', 0, 0)
INSERT [dbo].[OP_NVLAUTO] ([ID_NVLAUTO], [ID_ENHSEC], [DESCRIP_ES], [DESCRIP_EN], [POS_NVL], [NVL_DEP]) VALUES (33, 6, N'	DESACTIVAR CONTROLADOR MAESTRO	', N'	DEACTIVATE MASTER CONTROLLER	', 3, 0)
INSERT [dbo].[OP_NVLAUTO] ([ID_NVLAUTO], [ID_ENHSEC], [DESCRIP_ES], [DESCRIP_EN], [POS_NVL], [NVL_DEP]) VALUES (34, 6, N'	DESACTIVAR CONTROLADOR SERVIDOR DE ARCHIVOS	', N'	DEACTIVATE FILE SERVER CONTROLLER	', 4, 0)
INSERT [dbo].[OP_NVLAUTO] ([ID_NVLAUTO], [ID_ENHSEC], [DESCRIP_ES], [DESCRIP_EN], [POS_NVL], [NVL_DEP]) VALUES (35, 4, N'	CARGAR ALMACENAMIENTO DEL CONTROLADOR	', N'	LOAD CONTROLLER STORAGE	', 4, 0)
INSERT [dbo].[OP_NVLAUTO] ([ID_NVLAUTO], [ID_ENHSEC], [DESCRIP_ES], [DESCRIP_EN], [POS_NVL], [NVL_DEP]) VALUES (36, 2, N'	FUNCIONES DE TERMINAL	', N'	TERMINAL FUNCTIONS	', 1, 0)
INSERT [dbo].[OP_NVLAUTO] ([ID_NVLAUTO], [ID_ENHSEC], [DESCRIP_ES], [DESCRIP_EN], [POS_NVL], [NVL_DEP]) VALUES (37, 2, N'	FUNCIONES DE CONTROLADOR	', N'	CONTROLLER FUNCTIONS	', 2, 0)
INSERT [dbo].[OP_NVLAUTO] ([ID_NVLAUTO], [ID_ENHSEC], [DESCRIP_ES], [DESCRIP_EN], [POS_NVL], [NVL_DEP]) VALUES (38, 2, N'	FUNCIONES DEL SISTEMA	', N'	SYSTEM FUNCTIONS	', 5, 0)
INSERT [dbo].[OP_NVLAUTO] ([ID_NVLAUTO], [ID_ENHSEC], [DESCRIP_ES], [DESCRIP_EN], [POS_NVL], [NVL_DEP]) VALUES (39, 2, N'	FUNCIONES DE TCC	', N'	TCC FUNCTIONS	', 3, 0)
INSERT [dbo].[OP_NVLAUTO] ([ID_NVLAUTO], [ID_ENHSEC], [DESCRIP_ES], [DESCRIP_EN], [POS_NVL], [NVL_DEP]) VALUES (40, 2, N'	FUNCIONES DE CONTROLADOR MULTIPLE	', N'	MULTIPLE CONTROLLER FUNCTIONS	', 4, 0)
INSERT [dbo].[OP_NVLAUTO] ([ID_NVLAUTO], [ID_ENHSEC], [DESCRIP_ES], [DESCRIP_EN], [POS_NVL], [NVL_DEP]) VALUES (41, 3, N'	HABILITAR RETENCION DE ALMACENAMIENTO DE TERMINAL	', N'	ENABLE TERMINAL STORAGE RETENTION	', 2, 0)
INSERT [dbo].[OP_NVLAUTO] ([ID_NVLAUTO], [ID_ENHSEC], [DESCRIP_ES], [DESCRIP_EN], [POS_NVL], [NVL_DEP]) VALUES (42, 3, N'	INHABILITAR RETENCION DE ALMACENAMIENTO DE TERMINAL	', N'	DISABLE TERMINAL STORAGE RETENTION	', 3, 0)
INSERT [dbo].[OP_NVLAUTO] ([ID_NVLAUTO], [ID_ENHSEC], [DESCRIP_ES], [DESCRIP_EN], [POS_NVL], [NVL_DEP]) VALUES (43, 7, N'	ESTABLECER FECHA Y HORA DEL SISTEMA	', N'	SET SYSTEM DATE AND TIME	', 1, 0)
INSERT [dbo].[OP_NVLAUTO] ([ID_NVLAUTO], [ID_ENHSEC], [DESCRIP_ES], [DESCRIP_EN], [POS_NVL], [NVL_DEP]) VALUES (44, 3, N'	MOSTRAR ESTADO DEL TERMINAL	', N'	DISPLAY TERMINAL STATUS	', 1, 0)
INSERT [dbo].[OP_NVLAUTO] ([ID_NVLAUTO], [ID_ENHSEC], [DESCRIP_ES], [DESCRIP_EN], [POS_NVL], [NVL_DEP]) VALUES (45, 3, N'	INICIAR APLICACION DEL TERMINAL	', N'	START TERMINAL APPLICATION	', 4, 0)
INSERT [dbo].[OP_NVLAUTO] ([ID_NVLAUTO], [ID_ENHSEC], [DESCRIP_ES], [DESCRIP_EN], [POS_NVL], [NVL_DEP]) VALUES (46, 3, N'	DETENER APLICACION DEL TERMINAL	', N'	STOP TERMINAL APPLICATION	', 5, 0)
INSERT [dbo].[OP_NVLAUTO] ([ID_NVLAUTO], [ID_ENHSEC], [DESCRIP_ES], [DESCRIP_EN], [POS_NVL], [NVL_DEP]) VALUES (47, 3, N'	FUNCIONES DE APLICACION JAVA	', N'	JAVA APPLICATION FUNCTIONS	', 6, 0)
INSERT [dbo].[OP_NVLAUTO] ([ID_NVLAUTO], [ID_ENHSEC], [DESCRIP_ES], [DESCRIP_EN], [POS_NVL], [NVL_DEP]) VALUES (48, 3, N'	CARGAR ALMACENAMIENTO DEL TERMINAL	', N'	LOAD TERMINAL STORAGE	', 7, 0)
INSERT [dbo].[OP_NVLAUTO] ([ID_NVLAUTO], [ID_ENHSEC], [DESCRIP_ES], [DESCRIP_EN], [POS_NVL], [NVL_DEP]) VALUES (49, 0, N'	RESERVADO	', N'	RESERVED	', 0, 0)
INSERT [dbo].[OP_NVLAUTO] ([ID_NVLAUTO], [ID_ENHSEC], [DESCRIP_ES], [DESCRIP_EN], [POS_NVL], [NVL_DEP]) VALUES (50, 4, N'	MOSTRAR ESTADO DEL CONTROLADOR	', N'	DISPLAY CONTROLLER STATUS	', 1, 0)
INSERT [dbo].[OP_NVLAUTO] ([ID_NVLAUTO], [ID_ENHSEC], [DESCRIP_ES], [DESCRIP_EN], [POS_NVL], [NVL_DEP]) VALUES (51, 5, N'	PERMITIR COPIA DE SEGURIDAD DEL CONTROLADOR DE TIENDA	', N'	ALLOW STORE CONTROLLER BACKUP	', 1, 0)
INSERT [dbo].[OP_NVLAUTO] ([ID_NVLAUTO], [ID_ENHSEC], [DESCRIP_ES], [DESCRIP_EN], [POS_NVL], [NVL_DEP]) VALUES (52, 5, N'	EVITAR COPIA DE SEGURIDAD DEL CONTROLADOR DE TIENDA	', N'	PREVENT STORE CONTROLLER BACKUP	', 2, 0)
INSERT [dbo].[OP_NVLAUTO] ([ID_NVLAUTO], [ID_ENHSEC], [DESCRIP_ES], [DESCRIP_EN], [POS_NVL], [NVL_DEP]) VALUES (53, 5, N'	REANUDAR CONTROL TCC DE TIENDA	', N'	RESUME STORE TCC CONTROL	', 3, 0)
INSERT [dbo].[OP_NVLAUTO] ([ID_NVLAUTO], [ID_ENHSEC], [DESCRIP_ES], [DESCRIP_EN], [POS_NVL], [NVL_DEP]) VALUES (54, 2, N'	FUNCIONES DE COMUNICACION	', N'	COMMUNICATION FUNCTIONS	', 6, 0)
INSERT [dbo].[OP_NVLAUTO] ([ID_NVLAUTO], [ID_ENHSEC], [DESCRIP_ES], [DESCRIP_EN], [POS_NVL], [NVL_DEP]) VALUES (55, 6, N'	ACTIVAR CONTROLADOR MAESTRO	', N'	ACTIVATE MASTER CONTROLLER	', 1, 0)
INSERT [dbo].[OP_NVLAUTO] ([ID_NVLAUTO], [ID_ENHSEC], [DESCRIP_ES], [DESCRIP_EN], [POS_NVL], [NVL_DEP]) VALUES (56, 6, N'	ACTIVAR CONTROLADOR SERVIDOR DE ARCHIVOS	', N'	ACTIVATE FILE SERVER CONTROLLER	', 2, 0)
INSERT [dbo].[OP_NVLAUTO] ([ID_NVLAUTO], [ID_ENHSEC], [DESCRIP_ES], [DESCRIP_EN], [POS_NVL], [NVL_DEP]) VALUES (57, 3, N'	VOLCAR ALMACENAMIENTO DEL TERMINAL	', N'	DUMP TERMINAL STORAGE	', 8, 0)
INSERT [dbo].[OP_NVLAUTO] ([ID_NVLAUTO], [ID_ENHSEC], [DESCRIP_ES], [DESCRIP_EN], [POS_NVL], [NVL_DEP]) VALUES (58, 4, N'	VOLCAR ALMACENAMIENTO DEL CONTROLADOR	', N'	DUMP CONTROLLER STORAGE	', 5, 0)
INSERT [dbo].[OP_NVLAUTO] ([ID_NVLAUTO], [ID_ENHSEC], [DESCRIP_ES], [DESCRIP_EN], [POS_NVL], [NVL_DEP]) VALUES (59, 7, N'	ESTABLECER NIVEL DE MENSAJE DEL SISTEMA	', N'	SET SYSTEM MESSAGE LEVEL	', 2, 0)
INSERT [dbo].[OP_NVLAUTO] ([ID_NVLAUTO], [ID_ENHSEC], [DESCRIP_ES], [DESCRIP_EN], [POS_NVL], [NVL_DEP]) VALUES (60, 3, N'	CARGAR DATOS DE CONFIGURACION DEL TERMINAL	', N'	LOAD TERMINAL CONFIGURATION DATA	', 9, 0)
INSERT [dbo].[OP_NVLAUTO] ([ID_NVLAUTO], [ID_ENHSEC], [DESCRIP_ES], [DESCRIP_EN], [POS_NVL], [NVL_DEP]) VALUES (61, 0, N'	RESERVADO	', N'	RESERVED	', 0, 0)
INSERT [dbo].[OP_NVLAUTO] ([ID_NVLAUTO], [ID_ENHSEC], [DESCRIP_ES], [DESCRIP_EN], [POS_NVL], [NVL_DEP]) VALUES (62, 0, N'	RESERVADO	', N'	RESERVED	', 0, 0)
INSERT [dbo].[OP_NVLAUTO] ([ID_NVLAUTO], [ID_ENHSEC], [DESCRIP_ES], [DESCRIP_EN], [POS_NVL], [NVL_DEP]) VALUES (63, 0, N'	RESERVADO	', N'	RESERVED	', 0, 0)
INSERT [dbo].[OP_NVLAUTO] ([ID_NVLAUTO], [ID_ENHSEC], [DESCRIP_ES], [DESCRIP_EN], [POS_NVL], [NVL_DEP]) VALUES (64, 0, N'	RESERVADO	', N'	RESERVED	', 0, 0)
INSERT [dbo].[OP_NVLAUTO] ([ID_NVLAUTO], [ID_ENHSEC], [DESCRIP_ES], [DESCRIP_EN], [POS_NVL], [NVL_DEP]) VALUES (65, 10, N'	PROGRAMAS DE UTILIDAD PARA ARCHIVOS CON CLAVES	', N'	KEYED FILE UTILITIES	', 1, 0)
INSERT [dbo].[OP_NVLAUTO] ([ID_NVLAUTO], [ID_ENHSEC], [DESCRIP_ES], [DESCRIP_EN], [POS_NVL], [NVL_DEP]) VALUES (66, 10, N'	MOSTRAR/MODIFICAR DATOS DE ARCHIVOS	', N'	DISPLAY ALTER FILE DATA	', 2, 0)
INSERT [dbo].[OP_NVLAUTO] ([ID_NVLAUTO], [ID_ENHSEC], [DESCRIP_ES], [DESCRIP_EN], [POS_NVL], [NVL_DEP]) VALUES (67, 0, N'	RESERVADO	', N'	RESERVED	', 0, 0)
INSERT [dbo].[OP_NVLAUTO] ([ID_NVLAUTO], [ID_ENHSEC], [DESCRIP_ES], [DESCRIP_EN], [POS_NVL], [NVL_DEP]) VALUES (68, 0, N'	RESERVADO	', N'	RESERVED	', 0, 0)
INSERT [dbo].[OP_NVLAUTO] ([ID_NVLAUTO], [ID_ENHSEC], [DESCRIP_ES], [DESCRIP_EN], [POS_NVL], [NVL_DEP]) VALUES (69, 10, N'	UTILIDADES DE ARCHIVOS DISTRIBUIDOS	', N'	DISTRIBUTED FILE UTILITIES	', 3, 0)
INSERT [dbo].[OP_NVLAUTO] ([ID_NVLAUTO], [ID_ENHSEC], [DESCRIP_ES], [DESCRIP_EN], [POS_NVL], [NVL_DEP]) VALUES (70, 10, N'	COMPRESION/DESCOMPRESION DE ARCHIVOS	', N'	FILE COMPRESS/DECOMPRESS	', 4, 0)
INSERT [dbo].[OP_NVLAUTO] ([ID_NVLAUTO], [ID_ENHSEC], [DESCRIP_ES], [DESCRIP_EN], [POS_NVL], [NVL_DEP]) VALUES (71, 10, N'	UTILIDADES DE UNIDAD DE CINTA DE MODALIDAD CONTINUA	', N'	STREAMING TAPE DRIVE UTILITIES	', 5, 0)
INSERT [dbo].[OP_NVLAUTO] ([ID_NVLAUTO], [ID_ENHSEC], [DESCRIP_ES], [DESCRIP_EN], [POS_NVL], [NVL_DEP]) VALUES (72, 10, N'	UTILIDAD DE UNIDAD OPTICA	', N'	OPTICAL DRIVE UTILITY	', 6, 0)
INSERT [dbo].[OP_NVLAUTO] ([ID_NVLAUTO], [ID_ENHSEC], [DESCRIP_ES], [DESCRIP_EN], [POS_NVL], [NVL_DEP]) VALUES (73, 12, N'	VALORES DEL SISTEMA	', N'	SYSTEM CONFIGURATION SYSTEM SETTINGS	', 1, 0)
INSERT [dbo].[OP_NVLAUTO] ([ID_NVLAUTO], [ID_ENHSEC], [DESCRIP_ES], [DESCRIP_EN], [POS_NVL], [NVL_DEP]) VALUES (74, 12, N'	SEGURIDAD DEL SISTEMA	', N'	SYSTEM CONFIGURATION SECURITY SETTINGS	', 3, 0)
INSERT [dbo].[OP_NVLAUTO] ([ID_NVLAUTO], [ID_ENHSEC], [DESCRIP_ES], [DESCRIP_EN], [POS_NVL], [NVL_DEP]) VALUES (75, 12, N'	CONFIGURACION DE JAVA	', N'	SYSTEM CONFIGURATION JAVA SETTINGS	', 2, 0)
INSERT [dbo].[OP_NVLAUTO] ([ID_NVLAUTO], [ID_ENHSEC], [DESCRIP_ES], [DESCRIP_EN], [POS_NVL], [NVL_DEP]) VALUES (76, 12, N'	DEFINICIONES DE USUARIO FTP	', N'	FTP USER DEFINITIONS	', 4, 74)
INSERT [dbo].[OP_NVLAUTO] ([ID_NVLAUTO], [ID_ENHSEC], [DESCRIP_ES], [DESCRIP_EN], [POS_NVL], [NVL_DEP]) VALUES (77, 11, N'	SEGURIDAD MEJORADA	', N'	ENHANCED SECURITY	', 8, 0)
INSERT [dbo].[OP_NVLAUTO] ([ID_NVLAUTO], [ID_ENHSEC], [DESCRIP_ES], [DESCRIP_EN], [POS_NVL], [NVL_DEP]) VALUES (78, 8, N'	INICIO DE SESION REMOTO SEGURO DE SSH	', N'	SSH SECURE REMOTE LOGON	', 8, 0)
INSERT [dbo].[OP_NVLAUTO] ([ID_NVLAUTO], [ID_ENHSEC], [DESCRIP_ES], [DESCRIP_EN], [POS_NVL], [NVL_DEP]) VALUES (79, 8, N'	INICIO DE SESION DE FTP SEGURO DE SSH	', N'	SSH SECURE FTP LOGON	', 9, 0)
INSERT [dbo].[OP_NVLAUTO] ([ID_NVLAUTO], [ID_ENHSEC], [DESCRIP_ES], [DESCRIP_EN], [POS_NVL], [NVL_DEP]) VALUES (80, 11, N'	VALORES DE CONTRASENA	', N'	PASSWORD SETTINGS	', 9, 77)
INSERT [dbo].[OP_NVLAUTO] ([ID_NVLAUTO], [ID_ENHSEC], [DESCRIP_ES], [DESCRIP_EN], [POS_NVL], [NVL_DEP]) VALUES (81, 11, N'	CAMBIAR DATOS DE CONFIGURACION	', N'	CHANGE CONFIGURATION DATA	', 1, 0)
INSERT [dbo].[OP_NVLAUTO] ([ID_NVLAUTO], [ID_ENHSEC], [DESCRIP_ES], [DESCRIP_EN], [POS_NVL], [NVL_DEP]) VALUES (82, 11, N'	INFORME DE DATOS DE CONFIGURACION	', N'	REPORT LEGACY CONFIGURATION DATA	', 2, 0)
INSERT [dbo].[OP_NVLAUTO] ([ID_NVLAUTO], [ID_ENHSEC], [DESCRIP_ES], [DESCRIP_EN], [POS_NVL], [NVL_DEP]) VALUES (83, 11, N'	CAMBIAR DATOS DE LA TABLA DE SECUENCIA DE ENTRADA	', N'	CHANGE INPUT SEQUENCE TABLE DATA	', 3, 0)
INSERT [dbo].[OP_NVLAUTO] ([ID_NVLAUTO], [ID_ENHSEC], [DESCRIP_ES], [DESCRIP_EN], [POS_NVL], [NVL_DEP]) VALUES (84, 11, N'	INFORMAR DEL NIVEL DE MODULO	', N'	REPORT MODULE LEVEL	', 4, 0)
INSERT [dbo].[OP_NVLAUTO] ([ID_NVLAUTO], [ID_ENHSEC], [DESCRIP_ES], [DESCRIP_EN], [POS_NVL], [NVL_DEP]) VALUES (85, 11, N'	APLICAR MANTENIMIENTO DE SOFTWARE	', N'	APPLY SOFTWARE MAINTENANCE	', 5, 0)
INSERT [dbo].[OP_NVLAUTO] ([ID_NVLAUTO], [ID_ENHSEC], [DESCRIP_ES], [DESCRIP_EN], [POS_NVL], [NVL_DEP]) VALUES (86, 11, N'	COMPILAR ARCHIVO DE CONTROL DE MANTENIMIENTO DE SOFTWARE	', N'	BUILD SOFTWARE MAINTENANCE CONTROL FILE	', 6, 0)
INSERT [dbo].[OP_NVLAUTO] ([ID_NVLAUTO], [ID_ENHSEC], [DESCRIP_ES], [DESCRIP_EN], [POS_NVL], [NVL_DEP]) VALUES (87, 11, N'	FUNCIONES DE LA ALARMA AUDIBLE PARA LOS MENSAJES DEL SISTEMA	', N'	SYSTEM MESSAGE AUDIBLE ALARM FUNCTIONS	', 7, 0)
INSERT [dbo].[OP_NVLAUTO] ([ID_NVLAUTO], [ID_ENHSEC], [DESCRIP_ES], [DESCRIP_EN], [POS_NVL], [NVL_DEP]) VALUES (88, 0, N'	RESERVADO	', N'	RESERVED	', 0, 0)
INSERT [dbo].[OP_NVLAUTO] ([ID_NVLAUTO], [ID_ENHSEC], [DESCRIP_ES], [DESCRIP_EN], [POS_NVL], [NVL_DEP]) VALUES (89, 14, N'	EXPLORAR DATOS DE REGISTRO DEL SISTEMA	', N'	SCAN SYSTEM LOG DATA	', 1, 0)
INSERT [dbo].[OP_NVLAUTO] ([ID_NVLAUTO], [ID_ENHSEC], [DESCRIP_ES], [DESCRIP_EN], [POS_NVL], [NVL_DEP]) VALUES (90, 14, N'	DAR FORMATO A LOS DATOS DE RASTREO DEL SISTEMA	', N'	FORMAT SYSTEM TRACE DATA	', 2, 0)
INSERT [dbo].[OP_NVLAUTO] ([ID_NVLAUTO], [ID_ENHSEC], [DESCRIP_ES], [DESCRIP_EN], [POS_NVL], [NVL_DEP]) VALUES (91, 14, N'	DAR FORMATO A LOS DATOS DE RENDIMIENTO	', N'	FORMAT PERFORMANCE DATA	', 3, 0)
INSERT [dbo].[OP_NVLAUTO] ([ID_NVLAUTO], [ID_ENHSEC], [DESCRIP_ES], [DESCRIP_EN], [POS_NVL], [NVL_DEP]) VALUES (92, 14, N'	DAR FORMATO A LOS DATOS DE VUELCO	', N'	FORMAT DUMP DATA	', 4, 0)
INSERT [dbo].[OP_NVLAUTO] ([ID_NVLAUTO], [ID_ENHSEC], [DESCRIP_ES], [DESCRIP_EN], [POS_NVL], [NVL_DEP]) VALUES (93, 14, N'	CREAR DISQUETE DE ANALISIS DE PROBLEMAS	', N'	CREATE PROBLEM ANALYSIS DISKETTE	', 5, 0)
INSERT [dbo].[OP_NVLAUTO] ([ID_NVLAUTO], [ID_ENHSEC], [DESCRIP_ES], [DESCRIP_EN], [POS_NVL], [NVL_DEP]) VALUES (94, 0, N'	RESERVADO	', N'	RESERVED	', 0, 0)
INSERT [dbo].[OP_NVLAUTO] ([ID_NVLAUTO], [ID_ENHSEC], [DESCRIP_ES], [DESCRIP_EN], [POS_NVL], [NVL_DEP]) VALUES (95, 0, N'	RESERVADO	', N'	RESERVED	', 0, 0)
INSERT [dbo].[OP_NVLAUTO] ([ID_NVLAUTO], [ID_ENHSEC], [DESCRIP_ES], [DESCRIP_EN], [POS_NVL], [NVL_DEP]) VALUES (96, 0, N'	RESERVADO	', N'	RESERVED	', 0, 0)
INSERT [dbo].[OP_NVLAUTO] ([ID_NVLAUTO], [ID_ENHSEC], [DESCRIP_ES], [DESCRIP_EN], [POS_NVL], [NVL_DEP]) VALUES (97, 13, N'	INICIAR COLECCION DE DATOS DE RASTREO	', N'	START TRACE DATA COLLECTION	', 1, 0)
INSERT [dbo].[OP_NVLAUTO] ([ID_NVLAUTO], [ID_ENHSEC], [DESCRIP_ES], [DESCRIP_EN], [POS_NVL], [NVL_DEP]) VALUES (98, 13, N'	INICIAR COLECCION DE DATOS DE RENDIMIENTO	', N'	START PERFORMANCE DATA COLLECTION	', 2, 0)
INSERT [dbo].[OP_NVLAUTO] ([ID_NVLAUTO], [ID_ENHSEC], [DESCRIP_ES], [DESCRIP_EN], [POS_NVL], [NVL_DEP]) VALUES (99, 13, N'	DETENER COLECCION DE DATOS DE RASTREO	', N'	STOP TRACE DATA COLLECTION	', 3, 0)
GO
INSERT [dbo].[OP_NVLAUTO] ([ID_NVLAUTO], [ID_ENHSEC], [DESCRIP_ES], [DESCRIP_EN], [POS_NVL], [NVL_DEP]) VALUES (100, 13, N'	DETENER COLECCION DE DATOS DE RENDIMIENTO	', N'	STOP PERFORMANCE DATA COLLECTION	', 4, 0)
INSERT [dbo].[OP_NVLAUTO] ([ID_NVLAUTO], [ID_ENHSEC], [DESCRIP_ES], [DESCRIP_EN], [POS_NVL], [NVL_DEP]) VALUES (101, 0, N'	RESERVADO	', N'	RESERVED	', 0, 0)
INSERT [dbo].[OP_NVLAUTO] ([ID_NVLAUTO], [ID_ENHSEC], [DESCRIP_ES], [DESCRIP_EN], [POS_NVL], [NVL_DEP]) VALUES (102, 0, N'	RESERVADO	', N'	RESERVED	', 0, 0)
INSERT [dbo].[OP_NVLAUTO] ([ID_NVLAUTO], [ID_ENHSEC], [DESCRIP_ES], [DESCRIP_EN], [POS_NVL], [NVL_DEP]) VALUES (103, 0, N'	RESERVADO	', N'	RESERVED	', 0, 0)
INSERT [dbo].[OP_NVLAUTO] ([ID_NVLAUTO], [ID_ENHSEC], [DESCRIP_ES], [DESCRIP_EN], [POS_NVL], [NVL_DEP]) VALUES (104, 0, N'	RESERVADO	', N'	RESERVED	', 0, 0)
INSERT [dbo].[OP_NVLAUTO] ([ID_NVLAUTO], [ID_ENHSEC], [DESCRIP_ES], [DESCRIP_EN], [POS_NVL], [NVL_DEP]) VALUES (1000, 9, N'	NUMERO DE GRUPO	', N'	GROUP NUMBER	', 6, 0)
INSERT [dbo].[OP_NVLAUTO] ([ID_NVLAUTO], [ID_ENHSEC], [DESCRIP_ES], [DESCRIP_EN], [POS_NVL], [NVL_DEP]) VALUES (1001, 9, N'	NUMERO DE USUARIO	', N'	USER NUMBER	', 7, 0)
INSERT [dbo].[OP_NVLAUTO] ([ID_NVLAUTO], [ID_ENHSEC], [DESCRIP_ES], [DESCRIP_EN], [POS_NVL], [NVL_DEP]) VALUES (1002, 15, N'	USUARIO DEFINIDO N1	', N'	USER DEFINED #1	', 1, 0)
INSERT [dbo].[OP_NVLAUTO] ([ID_NVLAUTO], [ID_ENHSEC], [DESCRIP_ES], [DESCRIP_EN], [POS_NVL], [NVL_DEP]) VALUES (1003, 15, N'	USUARIO DEFINIDO N2	', N'	USER DEFINED #2	', 2, 0)
INSERT [dbo].[OP_NVLAUTO] ([ID_NVLAUTO], [ID_ENHSEC], [DESCRIP_ES], [DESCRIP_EN], [POS_NVL], [NVL_DEP]) VALUES (1004, 15, N'	USUARIO DEFINIDO N3	', N'	USER DEFINED #3	', 3, 0)
INSERT [dbo].[OP_NVLAUTO] ([ID_NVLAUTO], [ID_ENHSEC], [DESCRIP_ES], [DESCRIP_EN], [POS_NVL], [NVL_DEP]) VALUES (1005, 15, N'	USUARIO DEFINIDO N4	', N'	USER DEFINED #4	', 4, 0)
INSERT [dbo].[OP_NVLAUTO] ([ID_NVLAUTO], [ID_ENHSEC], [DESCRIP_ES], [DESCRIP_EN], [POS_NVL], [NVL_DEP]) VALUES (1006, 15, N'	USUARIO DEFINIDO N5	', N'	USER DEFINED #5	', 5, 0)
INSERT [dbo].[OP_NVLAUTO] ([ID_NVLAUTO], [ID_ENHSEC], [DESCRIP_ES], [DESCRIP_EN], [POS_NVL], [NVL_DEP]) VALUES (1007, 15, N'	USUARIO DEFINIDO N6	', N'	USER DEFINED #6	', 6, 0)
INSERT [dbo].[OP_NVLAUTO] ([ID_NVLAUTO], [ID_ENHSEC], [DESCRIP_ES], [DESCRIP_EN], [POS_NVL], [NVL_DEP]) VALUES (1008, 15, N'	USUARIO DEFINIDO N7	', N'	USER DEFINED #7	', 7, 0)
INSERT [dbo].[OP_NVLAUTO] ([ID_NVLAUTO], [ID_ENHSEC], [DESCRIP_ES], [DESCRIP_EN], [POS_NVL], [NVL_DEP]) VALUES (1009, 15, N'	USUARIO DEFINIDO N8	', N'	USER DEFINED #8	', 8, 0)
SET IDENTITY_INSERT [dbo].[OP_NVLAUTO] OFF
;